full_name,first_name,second_name,now_cost,team,element_type,total_points,pos,team_name,GF,GA,is_available,y_pred,y_pred_delta_1,y_pred_delta_2,y_pred_delta_3,y_pred_delta_4,y_pred_delta_5,y_pred_delta_6,y_pred_delta_7,y_pred_delta_8,y_pred_delta_9,y_pred_delta_10,y_pred_delta_11,y_pred_delta_12,y_pred_delta_13,y_pred_delta_14,y_pred_delta_15,y_pred_delta_16,y_pred_delta_17,y_pred_delta_18,picked_by,pick
David_Raya_Martin,David,Raya Martín,60,1,1,162,GK,Arsenal,0,0,False,146.54972375690608,30.33839779005524,0.0,0.0,30.33839779005524,0.0,0.0,0.0,0.0,0.0,0.0,0.0,0.0,0.0,0.0,0.0,0.0,0.0,0.0,7,14.0
Jordan_Pickford,Jordan,Pickford,55,9,1,135,GK,Everton,0,0,False,116.21132596685084,0.0,0.0,30.33839779005524,0.0,0.0,0.0,0.0,0.0,0.0,0.0,0.0,0.0,0.0,0.0,0.0,0.0,0.0,30.33839779005524,10,31.0
Gianluigi_Donnarumma,Gianluigi,Donnarumma,55,15,1,135,GK,Man City,0,0,False,116.21132596685084,0.0,30.33839779005524,0.0,0.0,0.0,0.0,0.0,0.0,0.0,0.0,0.0,0.0,0.0,0.0,0.0,0.0,30.33839779005524,0.0,3,23.0
Alisson_Becker,Alisson,Becker,55,14,1,91,GK,Liverpool,0,0,False,116.21132596685084,30.33839779005524,0.0,0.0,0.0,0.0,0.0,0.0,0.0,0.0,0.0,0.0,0.0,0.0,0.0,0.0,30.33839779005524,0.0,0.0,4,24.0
Robert_Lynch_Sanchez,Robert,Lynch Sánchez,50,6,1,113,GK,Chelsea,0,0,False,85.8729281767956,0.0,0.0,0.0,0.0,0.0,0.0,0.0,0.0,0.0,0.0,0.0,0.0,0.0,0.0,30.33839779005524,0.0,0.0,0.0,6,115.0
Filip_Jorgensen,Filip,Jörgensen,50,6,1,9,GK,Chelsea,0,0,False,85.8729281767956,0.0,0.0,0.0,0.0,0.0,0.0,0.0,0.0,0.0,0.0,0.0,0.0,0.0,30.33839779005524,0.0,0.0,0.0,0.0,2,99.0
Illan_Meslier,Illan,Meslier,50,1,1,0,GK,Arsenal,0,0,False,85.8729281767956,0.0,0.0,0.0,0.0,0.0,0.0,0.0,0.0,0.0,0.0,0.0,0.0,30.33839779005524,0.0,0.0,0.0,0.0,0.0,8,128.0
Kepa_Arrizabalaga_Revuelta,Kepa,Arrizabalaga Revuelta,50,1,1,2,GK,Arsenal,0,0,False,85.8729281767956,0.0,0.0,0.0,0.0,0.0,0.0,0.0,0.0,0.0,0.0,0.0,30.33839779005524,0.0,0.0,0.0,0.0,0.0,0.0,2,119.0
Dean_Henderson,Dean,Henderson,50,8,1,131,GK,Crystal Palace,0,0,False,85.8729281767956,0.0,0.0,0.0,0.0,0.0,0.0,0.0,0.0,0.0,0.0,30.33839779005524,0.0,0.0,0.0,0.0,0.0,0.0,0.0,5,105.0
Mark_Travers,Mark,Travers,50,9,1,0,GK,Everton,0,0,False,85.8729281767956,0.0,0.0,0.0,0.0,0.0,0.0,0.0,0.0,0.0,30.33839779005524,0.0,0.0,0.0,0.0,0.0,0.0,0.0,0.0,10,111.0
Lukas_Hornicek,Lukás,Hornícek,50,17,1,0,GK,Newcastle,0,0,False,85.8729281767956,0.0,0.0,0.0,0.0,0.0,0.0,0.0,0.0,30.33839779005524,0.0,0.0,0.0,0.0,0.0,0.0,0.0,0.0,0.0,1,120.0
Matz_Sels,Matz,Sels,50,18,1,105,GK,Nott'm Forest,0,0,False,85.8729281767956,0.0,0.0,0.0,0.0,0.0,0.0,0.0,30.33839779005524,0.0,0.0,0.0,0.0,0.0,0.0,0.0,0.0,0.0,0.0,9,129.0
James_Trafford,James,Trafford,50,13,1,13,GK,Leeds,0,0,False,85.8729281767956,0.0,0.0,0.0,0.0,0.0,0.0,30.33839779005524,0.0,0.0,0.0,0.0,0.0,0.0,0.0,0.0,0.0,0.0,0.0,4,124.0
Giorgi_Mamardashvili,Giorgi,Mamardashvili,50,14,1,34,GK,Liverpool,0,0,False,85.8729281767956,0.0,0.0,0.0,0.0,0.0,30.33839779005524,0.0,0.0,0.0,0.0,0.0,0.0,0.0,0.0,0.0,0.0,0.0,0.0,7,134.0
Caoimhin_Kelleher,Caoimhín,Kelleher,50,4,1,143,GK,Brentford,0,0,False,85.8729281767956,0.0,0.0,0.0,0.0,30.33839779005524,0.0,0.0,0.0,0.0,0.0,0.0,0.0,0.0,0.0,0.0,0.0,0.0,0.0,5,125.0
Emiliano_Martinez_Romero,Emiliano,Martínez Romero,50,2,1,120,GK,Aston Villa,0,0,False,85.8729281767956,0.0,0.0,0.0,30.33839779005524,0.0,0.0,0.0,0.0,0.0,0.0,0.0,0.0,0.0,0.0,0.0,0.0,0.0,0.0,1,61.0
Senne_Lammens,Senne,Lammens,50,16,1,109,GK,Man Utd,0,0,False,85.8729281767956,0.0,0.0,30.33839779005524,0.0,0.0,0.0,0.0,0.0,0.0,0.0,0.0,0.0,0.0,0.0,0.0,0.0,0.0,0.0,6,35.0
Nick_Pope,Nick,Pope,50,17,1,96,GK,Newcastle,0,0,False,85.8729281767956,0.0,30.33839779005524,0.0,0.0,0.0,0.0,0.0,0.0,0.0,0.0,0.0,0.0,0.0,0.0,0.0,0.0,0.0,0.0,8,33.0
Robin_Roefs,Robin,Roefs,50,20,1,136,GK,Sunderland,0,0,False,85.8729281767956,30.33839779005524,0.0,0.0,0.0,0.0,0.0,0.0,0.0,0.0,0.0,0.0,0.0,0.0,0.0,0.0,0.0,0.0,0.0,9,32.0
Jack_Butland,Jack,Butland,45,11,1,0,GK,Hull City,0,0,True,55.53453038674036,0.0,0.0,0.0,0.0,0.0,0.0,0.0,0.0,0.0,0.0,0.0,0.0,0.0,0.0,0.0,0.0,0.0,0.0,,
Tom_King,Tom,King,45,9,1,0,GK,Everton,0,0,True,55.53453038674036,0.0,0.0,0.0,0.0,0.0,0.0,0.0,0.0,0.0,0.0,0.0,0.0,0.0,0.0,0.0,0.0,0.0,0.0,,
Bernd_Leno,Bernd,Leno,45,10,1,122,GK,Fulham,0,0,True,55.53453038674036,0.0,0.0,0.0,0.0,0.0,0.0,0.0,0.0,0.0,0.0,0.0,0.0,0.0,0.0,0.0,0.0,0.0,0.0,,
Marcus_Bettinelli,Marcus,Bettinelli,45,15,1,0,GK,Man City,0,0,True,55.53453038674036,0.0,0.0,0.0,0.0,0.0,0.0,0.0,0.0,0.0,0.0,0.0,0.0,0.0,0.0,0.0,0.0,0.0,0.0,,
Ben_Wilson,Ben,Wilson,45,7,1,0,GK,Coventry City,0,0,True,55.53453038674036,0.0,0.0,0.0,0.0,0.0,0.0,0.0,0.0,0.0,0.0,0.0,0.0,0.0,0.0,0.0,0.0,0.0,0.0,,
Konstantinos_Tzolakis,Konstantinos,Tzolakis,45,11,1,0,GK,Hull City,0,0,True,55.53453038674036,0.0,0.0,0.0,0.0,0.0,0.0,0.0,0.0,0.0,0.0,0.0,0.0,0.0,0.0,0.0,0.0,0.0,0.0,,
Walter_Benitez,Walter,Benítez,45,8,1,7,GK,Crystal Palace,0,0,True,55.53453038674036,0.0,0.0,0.0,0.0,0.0,0.0,0.0,0.0,0.0,0.0,0.0,0.0,0.0,0.0,0.0,0.0,0.0,0.0,,
Mike_Penders,Mike,Penders,45,6,1,0,GK,Chelsea,0,0,True,55.53453038674036,0.0,0.0,0.0,0.0,0.0,0.0,0.0,0.0,0.0,0.0,0.0,0.0,0.0,0.0,0.0,0.0,0.0,30.33839779005524,,
Hakon_Rafn_Valdimarsson,Hákon Rafn,Valdimarsson,45,4,1,1,GK,Brentford,0,0,True,55.53453038674036,0.0,0.0,0.0,0.0,0.0,0.0,0.0,0.0,0.0,0.0,0.0,0.0,0.0,0.0,0.0,0.0,30.33839779005524,0.0,,
Carl_Rushworth,Carl,Rushworth,45,7,1,0,GK,Coventry City,0,0,True,55.53453038674036,0.0,0.0,0.0,0.0,0.0,0.0,0.0,0.0,0.0,0.0,0.0,0.0,0.0,0.0,0.0,30.33839779005524,0.0,0.0,,
Bart_Verbruggen,Bart,Verbruggen,45,5,1,130,GK,Brighton,0,0,True,55.53453038674036,0.0,0.0,0.0,0.0,0.0,0.0,0.0,0.0,0.0,0.0,0.0,0.0,0.0,0.0,30.33839779005524,0.0,0.0,0.0,,
Dorde_Petrovic,Đorđe,Petrović,45,3,1,124,GK,Bournemouth,0,0,True,55.53453038674036,0.0,0.0,0.0,0.0,0.0,0.0,0.0,0.0,0.0,0.0,0.0,0.0,0.0,30.33839779005524,0.0,0.0,0.0,0.0,,
Marco_Bizot,Marco,Bizot,45,2,1,16,GK,Aston Villa,0,0,True,55.53453038674036,0.0,0.0,0.0,0.0,0.0,0.0,0.0,0.0,0.0,0.0,0.0,0.0,30.33839779005524,0.0,0.0,0.0,0.0,0.0,,
Melker_Ellborg,Melker,Ellborg,45,20,1,16,GK,Sunderland,0,0,True,55.53453038674036,0.0,0.0,0.0,0.0,0.0,0.0,0.0,0.0,0.0,0.0,0.0,30.33839779005524,0.0,0.0,0.0,0.0,0.0,0.0,,
John_Victor_Maciel_Furtado,John Victor,Maciel Furtado,45,18,1,11,GK,Nott'm Forest,0,0,True,55.53453038674036,0.0,0.0,0.0,0.0,0.0,0.0,0.0,0.0,0.0,0.0,30.33839779005524,0.0,0.0,0.0,0.0,0.0,0.0,0.0,,
Antonin_Kinsky,Antonín,Kinský,45,19,1,20,GK,Spurs,0,0,True,55.53453038674036,0.0,0.0,0.0,0.0,0.0,0.0,0.0,0.0,0.0,30.33839779005524,0.0,0.0,0.0,0.0,0.0,0.0,0.0,0.0,,
Guglielmo_Vicario,Guglielmo,Vicario,45,19,1,90,GK,Spurs,0,0,True,55.53453038674036,0.0,0.0,0.0,0.0,0.0,0.0,0.0,0.0,30.33839779005524,0.0,0.0,0.0,0.0,0.0,0.0,0.0,0.0,0.0,,
Mark_Gillespie,Mark,Gillespie,45,17,1,0,GK,Newcastle,0,0,True,55.53453038674036,0.0,0.0,0.0,0.0,0.0,0.0,0.0,30.33839779005524,0.0,0.0,0.0,0.0,0.0,0.0,0.0,0.0,0.0,0.0,,
Altay_Bayindir,Altay,Bayındır,45,16,1,11,GK,Man Utd,0,0,True,55.53453038674036,0.0,0.0,0.0,0.0,0.0,0.0,30.33839779005524,0.0,0.0,0.0,0.0,0.0,0.0,0.0,0.0,0.0,0.0,0.0,,
Christian_Walton,Christian,Walton,45,12,1,0,GK,Ipswich Town,0,0,True,55.53453038674036,0.0,0.0,0.0,0.0,0.0,30.33839779005524,0.0,0.0,0.0,0.0,0.0,0.0,0.0,0.0,0.0,0.0,0.0,0.0,,
Kayne_van_Oevelen,Kayne,van Oevelen,45,12,1,0,GK,Ipswich Town,0,0,True,55.53453038674036,0.0,0.0,0.0,0.0,30.33839779005524,0.0,0.0,0.0,0.0,0.0,0.0,0.0,0.0,0.0,0.0,0.0,0.0,0.0,,
Lucas_Estella_Perri,Lucas Estella,Perri,45,13,1,43,GK,Leeds,0,0,True,55.53453038674036,0.0,0.0,0.0,30.33839779005524,0.0,0.0,0.0,0.0,0.0,0.0,0.0,0.0,0.0,0.0,0.0,0.0,0.0,0.0,,
Kjell_Scherpen,Kjell,Scherpen,45,12,1,0,GK,Ipswich Town,0,0,False,55.53453038674036,0.0,0.0,30.33839779005524,0.0,0.0,0.0,0.0,0.0,0.0,0.0,0.0,0.0,0.0,0.0,0.0,0.0,0.0,0.0,3,138.0
Ewen_Jaouen,Ewen,Jaouen,45,17,1,0,GK,Newcastle,0,0,True,55.53453038674036,0.0,30.33839779005524,0.0,0.0,0.0,0.0,0.0,0.0,0.0,0.0,0.0,0.0,0.0,0.0,0.0,0.0,0.0,0.0,,
Karl_Darlow,Karl,Darlow,45,16,1,71,GK,Man Utd,0,0,True,55.53453038674036,30.33839779005524,0.0,0.0,0.0,0.0,0.0,0.0,0.0,0.0,0.0,0.0,0.0,0.0,0.0,0.0,0.0,0.0,0.0,,
Will_Dennis,Will,Dennis,40,3,1,0,GK,Bournemouth,0,0,True,25.19613259668512,0.0,0.0,0.0,0.0,0.0,0.0,0.0,0.0,0.0,0.0,0.0,0.0,0.0,0.0,0.0,0.0,0.0,0.0,,
Fraser_Forster,Fraser,Forster,40,3,1,0,GK,Bournemouth,0,0,True,25.19613259668512,0.0,0.0,0.0,0.0,0.0,0.0,0.0,0.0,0.0,0.0,0.0,0.0,0.0,0.0,0.0,0.0,0.0,0.0,,
Oliver_Dovin,Oliver,Dovin,40,7,1,0,GK,Coventry City,0,0,True,25.19613259668512,0.0,0.0,0.0,0.0,0.0,0.0,0.0,0.0,0.0,0.0,0.0,0.0,0.0,0.0,0.0,0.0,0.0,0.0,,
Jason_Steele,Jason,Steele,40,5,1,0,GK,Brighton,0,0,True,25.19613259668512,0.0,0.0,0.0,0.0,0.0,0.0,0.0,0.0,0.0,0.0,0.0,0.0,0.0,0.0,0.0,0.0,0.0,0.0,,
Thimothee_Lo_Tutala,Thimothée,Lo-Tutala,40,11,1,0,GK,Hull City,0,0,True,25.19613259668512,0.0,0.0,0.0,0.0,0.0,0.0,0.0,0.0,0.0,0.0,0.0,0.0,0.0,0.0,0.0,0.0,0.0,0.0,,
Harvey_Cartwright,Harvey,Cartwright,40,11,1,0,GK,Hull City,0,0,True,25.19613259668512,0.0,0.0,0.0,0.0,0.0,0.0,0.0,0.0,0.0,0.0,0.0,0.0,0.0,0.0,0.0,0.0,0.0,0.0,,
Alfie_McNally,Alfie,McNally,40,10,1,0,GK,Fulham,0,0,True,25.19613259668512,0.0,0.0,0.0,0.0,0.0,0.0,0.0,0.0,0.0,0.0,0.0,0.0,0.0,0.0,0.0,0.0,0.0,0.0,,
Dillon_Phillips,Dillon,Phillips,40,11,1,0,GK,Hull City,0,0,True,25.19613259668512,0.0,0.0,0.0,0.0,0.0,0.0,0.0,0.0,0.0,0.0,0.0,0.0,0.0,0.0,0.0,0.0,0.0,0.0,,
Benjamin_Lecomte,Benjamin,Lecomte,40,10,1,0,GK,Fulham,0,0,True,25.19613259668512,0.0,0.0,0.0,0.0,0.0,0.0,0.0,0.0,0.0,0.0,0.0,0.0,0.0,0.0,0.0,0.0,0.0,0.0,,
Remi_Matthews,Remi,Matthews,40,8,1,0,GK,Crystal Palace,0,0,True,25.19613259668512,0.0,0.0,0.0,0.0,0.0,0.0,0.0,0.0,0.0,0.0,0.0,0.0,0.0,0.0,0.0,0.0,0.0,0.0,,
David_Button,David,Button,40,12,1,0,GK,Ipswich Town,0,0,True,25.19613259668512,0.0,0.0,0.0,0.0,0.0,0.0,0.0,0.0,0.0,0.0,0.0,0.0,0.0,0.0,0.0,0.0,0.0,0.0,,
Alex_Palmer,Alex,Palmer,40,12,1,0,GK,Ipswich Town,0,0,True,25.19613259668512,0.0,0.0,0.0,0.0,0.0,0.0,0.0,0.0,0.0,0.0,0.0,0.0,0.0,0.0,0.0,0.0,0.0,0.0,,
Harvey_Davies,Harvey,Davies,40,14,1,0,GK,Liverpool,0,0,True,25.19613259668512,0.0,0.0,0.0,0.0,0.0,0.0,0.0,0.0,0.0,0.0,0.0,0.0,0.0,0.0,0.0,0.0,0.0,0.0,,
Freddie_Woodman,Freddie,Woodman,40,14,1,6,GK,Liverpool,0,0,True,25.19613259668512,0.0,0.0,0.0,0.0,0.0,0.0,0.0,0.0,0.0,0.0,0.0,0.0,0.0,0.0,0.0,0.0,0.0,0.0,,
Armin_Pecsi,Armin,Pecsi,40,14,1,0,GK,Liverpool,0,0,True,25.19613259668512,0.0,0.0,0.0,0.0,0.0,0.0,0.0,0.0,0.0,0.0,0.0,0.0,0.0,0.0,0.0,0.0,0.0,0.0,,
Vitezslav_Jaros,Vitezslav,Jaros,40,14,1,0,GK,Liverpool,0,0,True,25.19613259668512,0.0,0.0,0.0,0.0,0.0,0.0,0.0,0.0,0.0,0.0,0.0,0.0,0.0,0.0,0.0,0.0,0.0,0.0,,
Tom_Heaton,Tom,Heaton,40,16,1,0,GK,Man Utd,0,0,True,25.19613259668512,0.0,0.0,0.0,0.0,0.0,0.0,0.0,0.0,0.0,0.0,0.0,0.0,0.0,0.0,0.0,0.0,0.0,0.0,,
Brandon_Austin,Brandon,Austin,40,19,1,0,GK,Spurs,0,0,True,25.19613259668512,0.0,0.0,0.0,0.0,0.0,0.0,0.0,0.0,0.0,0.0,0.0,0.0,0.0,0.0,0.0,0.0,0.0,0.0,,
Martin_Dubravka,Martin,Dubravka,40,19,1,96,GK,Spurs,0,0,True,25.19613259668512,0.0,0.0,0.0,0.0,0.0,0.0,0.0,0.0,0.0,0.0,0.0,0.0,0.0,0.0,0.0,0.0,0.0,0.0,,
Anthony_Patterson,Anthony,Patterson,40,20,1,0,GK,Sunderland,0,0,True,25.19613259668512,0.0,0.0,0.0,0.0,0.0,0.0,0.0,0.0,0.0,0.0,0.0,0.0,0.0,0.0,0.0,0.0,0.0,0.0,,
Gabriel_dos_Santos_Magalhaes,Gabriel,dos Santos Magalhães,80,1,2,209,DEF,Arsenal,0,0,False,247.17163987844617,83.36766374986269,0.0,0.0,27.789221249954267,0.0,0.0,0.0,0.0,0.0,27.78922124995421,0.0,0.0,0.0,0.0,0.0,0.0,0.0,0.0,7,7.0
Jurrien_Timber,Jurriën,Timber,65,1,2,149,DEF,Arsenal,0,0,False,163.80397612858349,0.0,0.0,27.789221249954267,0.0,0.0,0.0,0.0,0.0,27.78922124995421,0.0,0.0,0.0,0.0,0.0,0.0,0.0,0.0,0.0,10,30.0
Nico_O'Reilly,Nico,O'Reilly,65,15,2,160,DEF,Man City,0,0,False,163.80397612858349,0.0,27.789221249954267,0.0,0.0,0.0,0.0,0.0,27.78922124995421,0.0,0.0,0.0,0.0,0.0,0.0,0.0,0.0,0.0,0.0,7,27.0
Virgil_van_Dijk,Virgil,van Dijk,65,14,2,175,DEF,Liverpool,0,0,False,163.80397612858349,27.789221249954267,0.0,0.0,0.0,0.0,0.0,27.78922124995421,0.0,0.0,0.0,0.0,0.0,0.0,0.0,0.0,0.0,0.0,0.0,5,25.0
James_Tarkowski,James,Tarkowski,60,9,2,170,DEF,Everton,0,0,False,136.01475487862922,0.0,0.0,0.0,0.0,0.0,27.78922124995421,0.0,0.0,0.0,0.0,0.0,0.0,0.0,0.0,0.0,0.0,0.0,0.0,1,40.0
Marc_Guehi,Marc,Guéhi,60,15,2,179,DEF,Man City,0,0,False,136.01475487862922,0.0,0.0,0.0,0.0,27.78922124995421,0.0,0.0,0.0,0.0,0.0,0.0,0.0,0.0,0.0,0.0,0.0,0.0,0.0,8,48.0
Matheus_Nunes,Matheus,Nunes,60,15,2,154,DEF,Man City,0,0,False,136.01475487862922,0.0,0.0,0.0,27.78922124995421,0.0,0.0,0.0,0.0,0.0,0.0,0.0,0.0,0.0,0.0,0.0,0.0,0.0,0.0,4,44.0
Marcos_Senesi_Baron,Marcos,Senesi Barón,60,19,2,175,DEF,Spurs,0,0,False,136.01475487862922,0.0,0.0,27.78922124995421,0.0,0.0,0.0,0.0,0.0,0.0,0.0,0.0,0.0,0.0,0.0,0.0,0.0,0.0,0.0,3,38.0
William_Saliba,William,Saliba,60,1,2,137,DEF,Arsenal,0,0,False,136.01475487862922,0.0,27.78922124995421,0.0,0.0,0.0,0.0,0.0,0.0,0.0,0.0,0.0,0.0,0.0,0.0,0.0,0.0,0.0,0.0,5,36.0
Maxence_Lacroix,Maxence,Lacroix,60,6,2,154,DEF,Chelsea,0,0,False,136.01475487862922,27.78922124995421,0.0,0.0,0.0,0.0,0.0,0.0,0.0,0.0,0.0,0.0,0.0,0.0,0.0,0.0,0.0,0.0,0.0,4,37.0
Piero_Hincapie,Piero,Hincapié,55,1,2,87,DEF,Arsenal,0,0,False,108.225533628675,0.0,0.0,0.0,0.0,0.0,0.0,0.0,0.0,0.0,0.0,0.0,0.0,0.0,0.0,0.0,0.0,0.0,0.0,3,78.0
Benjamin_White,Benjamin,White,55,1,2,45,DEF,Arsenal,0,0,False,108.225533628675,0.0,0.0,0.0,0.0,0.0,0.0,0.0,0.0,0.0,0.0,0.0,0.0,0.0,0.0,0.0,0.0,0.0,0.0,2,79.0
Marco_Palestra,Marco,Palestra,55,6,2,0,DEF,Chelsea,0,0,False,108.225533628675,0.0,0.0,0.0,0.0,0.0,0.0,0.0,0.0,0.0,0.0,0.0,0.0,0.0,0.0,0.0,0.0,0.0,0.0,7,74.0
Reece_James,Reece,James,55,6,2,115,DEF,Chelsea,0,0,False,108.225533628675,0.0,0.0,0.0,0.0,0.0,0.0,0.0,0.0,0.0,0.0,0.0,0.0,0.0,0.0,0.0,0.0,0.0,0.0,1,80.0
Milos_Kerkez,Milos,Kerkez,55,14,2,85,DEF,Liverpool,0,0,False,108.225533628675,0.0,0.0,0.0,0.0,0.0,0.0,0.0,0.0,0.0,0.0,0.0,0.0,0.0,0.0,0.0,0.0,0.0,27.78922124995421,6,75.0
Jeremie_Frimpong,Jeremie,Frimpong,55,14,2,63,DEF,Liverpool,0,0,False,108.225533628675,0.0,0.0,0.0,0.0,0.0,0.0,0.0,0.0,0.0,0.0,0.0,0.0,0.0,0.0,0.0,0.0,27.78922124995421,0.0,2,59.0
Josko_Gvardiol,Joško,Gvardiol,55,15,2,79,DEF,Man City,0,0,False,108.225533628675,0.0,0.0,0.0,0.0,0.0,0.0,0.0,0.0,0.0,0.0,0.0,0.0,0.0,0.0,0.0,27.78922124995421,0.0,0.0,6,86.0
Rayan_Ait_Nouri,Rayan,Aït-Nouri,55,15,2,60,DEF,Man City,0,0,False,108.225533628675,0.0,0.0,0.0,0.0,0.0,0.0,0.0,0.0,0.0,0.0,0.0,0.0,0.0,0.0,27.78922124995421,0.0,0.0,0.0,3,58.0
Abdukodir_Khusanov,Abdukodir,Khusanov,55,15,2,67,DEF,Man City,0,0,False,108.225533628675,0.0,0.0,0.0,0.0,0.0,0.0,0.0,0.0,0.0,0.0,0.0,0.0,0.0,27.78922124995421,0.0,0.0,0.0,0.0,4,57.0
Ruben_dos_Santos_Gato_Alves_Dias,Rúben,dos Santos Gato Alves Dias,55,15,2,113,DEF,Man City,0,0,False,108.225533628675,0.0,0.0,0.0,0.0,0.0,0.0,0.0,0.0,0.0,0.0,0.0,0.0,27.78922124995421,0.0,0.0,0.0,0.0,0.0,8,88.0
Daniel_Munoz_Mejia,Daniel,Muñoz Mejía,55,8,2,136,DEF,Crystal Palace,0,0,False,108.225533628675,0.0,0.0,0.0,0.0,0.0,0.0,0.0,0.0,0.0,0.0,0.0,27.78922124995421,0.0,0.0,0.0,0.0,0.0,0.0,1,60.0
Jarrad_Branthwaite,Jarrad,Branthwaite,55,9,2,32,DEF,Everton,0,0,False,108.225533628675,0.0,0.0,0.0,0.0,0.0,0.0,0.0,0.0,0.0,0.0,27.78922124995421,0.0,0.0,0.0,0.0,0.0,0.0,0.0,5,56.0
Cristhian_Mosquera,Cristhian,Mosquera,55,1,2,40,DEF,Arsenal,0,0,False,108.225533628675,0.0,0.0,0.0,0.0,0.0,0.0,0.0,0.0,0.0,27.78922124995421,0.0,0.0,0.0,0.0,0.0,0.0,0.0,0.0,6,55.0
Adrien_Truffert,Adrien,Truffert,55,3,2,165,DEF,Bournemouth,0,0,False,108.225533628675,0.0,0.0,0.0,0.0,0.0,0.0,0.0,0.0,27.78922124995421,0.0,0.0,0.0,0.0,0.0,0.0,0.0,0.0,0.0,3,83.0
James_Hill,James,Hill,55,3,2,110,DEF,Bournemouth,0,0,False,108.225533628675,0.0,0.0,0.0,0.0,0.0,0.0,0.0,27.78922124995421,0.0,0.0,0.0,0.0,0.0,0.0,0.0,0.0,0.0,0.0,1,81.0
Nathan_Collins,Nathan,Collins,55,4,2,129,DEF,Brentford,0,0,False,108.225533628675,0.0,0.0,0.0,0.0,0.0,0.0,27.78922124995421,0.0,0.0,0.0,0.0,0.0,0.0,0.0,0.0,0.0,0.0,0.0,7,67.0
Trevoh_Chalobah,Trevoh,Chalobah,55,6,2,136,DEF,Chelsea,0,0,False,108.225533628675,0.0,0.0,0.0,0.0,0.0,27.78922124995421,0.0,0.0,0.0,0.0,0.0,0.0,0.0,0.0,0.0,0.0,0.0,0.0,10,70.0
Riccardo_Calafiori,Riccardo,Calafiori,55,1,2,109,DEF,Arsenal,0,0,False,108.225533628675,0.0,0.0,0.0,0.0,27.78922124995421,0.0,0.0,0.0,0.0,0.0,0.0,0.0,0.0,0.0,0.0,0.0,0.0,0.0,8,68.0
Nordi_Mukiele,Nordi,Mukiele,55,20,2,151,DEF,Sunderland,0,0,False,108.225533628675,0.0,0.0,0.0,27.78922124995421,0.0,0.0,0.0,0.0,0.0,0.0,0.0,0.0,0.0,0.0,0.0,0.0,0.0,0.0,9,69.0
Pedro_Porro_Sauceda,Pedro,Porro Sauceda,55,19,2,117,DEF,Spurs,0,0,False,108.225533628675,0.0,0.0,27.78922124995421,0.0,0.0,0.0,0.0,0.0,0.0,0.0,0.0,0.0,0.0,0.0,0.0,0.0,0.0,0.0,5,65.0
Murillo_Costa_dos_Santos,Murillo,Costa dos Santos,55,18,2,83,DEF,Nott'm Forest,0,0,False,108.225533628675,0.0,27.78922124995421,0.0,0.0,0.0,0.0,0.0,0.0,0.0,0.0,0.0,0.0,0.0,0.0,0.0,0.0,0.0,0.0,5,76.0
Nikola_Milenkovic,Nikola,Milenković,55,18,2,119,DEF,Nott'm Forest,0,0,False,108.225533628675,27.78922124995421,0.0,0.0,0.0,0.0,0.0,0.0,0.0,0.0,0.0,0.0,0.0,0.0,0.0,0.0,0.0,0.0,0.0,6,66.0
Jaka_Bijol,Jaka,Bijol,50,13,2,99,DEF,Leeds,0,0,False,80.4363123787208,0.0,0.0,0.0,0.0,0.0,0.0,0.0,0.0,0.0,0.0,0.0,0.0,0.0,0.0,0.0,0.0,0.0,0.0,8,148.0
Jeremy_Jacquet,Jeremy,Jacquet,50,14,2,0,DEF,Liverpool,0,0,False,80.4363123787208,0.0,0.0,0.0,0.0,0.0,0.0,0.0,0.0,0.0,0.0,0.0,0.0,0.0,0.0,0.0,0.0,0.0,0.0,9,109.0
Jake_O'Brien,Jake,O'Brien,50,9,2,116,DEF,Everton,0,0,False,80.4363123787208,0.0,0.0,0.0,0.0,0.0,0.0,0.0,0.0,0.0,0.0,0.0,0.0,0.0,0.0,0.0,0.0,0.0,0.0,2,102.0
Conor_Bradley,Conor,Bradley,50,14,2,42,DEF,Liverpool,0,0,True,0.0,0.0,0.0,0.0,0.0,0.0,0.0,0.0,0.0,0.0,0.0,0.0,0.0,0.0,0.0,0.0,0.0,0.0,0.0,,
Chris_Richards,Chris,Richards,50,8,2,128,DEF,Crystal Palace,0,0,False,80.4363123787208,0.0,0.0,0.0,0.0,0.0,0.0,0.0,0.0,0.0,0.0,0.0,0.0,0.0,0.0,0.0,0.0,0.0,0.0,9,132.0
Michael_Keane,Michael,Keane,50,9,2,131,DEF,Everton,0,0,False,80.4363123787208,0.0,0.0,0.0,0.0,0.0,0.0,0.0,0.0,0.0,0.0,0.0,0.0,0.0,0.0,0.0,0.0,0.0,0.0,10,110.0
Diogo_Dalot_Teixeira,Diogo,Dalot Teixeira,50,16,2,111,DEF,Man Utd,0,0,True,80.4363123787208,0.0,0.0,0.0,0.0,0.0,0.0,0.0,0.0,0.0,0.0,0.0,0.0,0.0,0.0,0.0,0.0,0.0,0.0,,
Matthijs_de_Ligt,Matthijs,de Ligt,50,16,2,43,DEF,Man Utd,0,0,False,80.4363123787208,0.0,0.0,0.0,0.0,0.0,0.0,0.0,0.0,0.0,0.0,0.0,0.0,0.0,0.0,0.0,0.0,0.0,0.0,9,149.0
Harry_Maguire,Harry,Maguire,50,16,2,90,DEF,Man Utd,0,0,True,80.4363123787208,0.0,0.0,0.0,0.0,0.0,0.0,0.0,0.0,0.0,0.0,0.0,0.0,0.0,0.0,0.0,0.0,0.0,0.0,,
Max_Alleyne,Max,Alleyne,50,15,2,5,DEF,Man City,0,0,True,80.4363123787208,0.0,0.0,0.0,0.0,0.0,0.0,0.0,0.0,0.0,0.0,0.0,0.0,0.0,0.0,0.0,0.0,0.0,0.0,,
Tarik_Muharemovic,Tarik,Muharemović,50,13,2,0,DEF,Leeds,0,0,False,80.4363123787208,0.0,0.0,0.0,0.0,0.0,0.0,0.0,0.0,0.0,0.0,0.0,0.0,0.0,0.0,0.0,0.0,0.0,0.0,8,133.0
Joe_Gomez,Joe,Gomez,50,14,2,33,DEF,Liverpool,0,0,True,0.0,0.0,0.0,0.0,0.0,0.0,0.0,0.0,0.0,0.0,0.0,0.0,0.0,0.0,0.0,0.0,0.0,0.0,0.0,,
Joachim_Andersen,Joachim,Andersen,50,10,2,123,DEF,Fulham,0,0,True,80.4363123787208,0.0,0.0,0.0,0.0,0.0,0.0,0.0,0.0,0.0,0.0,0.0,0.0,0.0,0.0,0.0,0.0,0.0,0.0,,
Jaydee_Canvot,Jaydee,Canvot,50,8,2,72,DEF,Crystal Palace,0,0,True,80.4363123787208,0.0,0.0,0.0,0.0,0.0,0.0,0.0,0.0,0.0,0.0,0.0,0.0,0.0,0.0,0.0,0.0,0.0,0.0,,
Michael_Svoboda,Michael,Svoboda,50,5,2,0,DEF,Brighton,0,0,True,80.4363123787208,0.0,0.0,0.0,0.0,0.0,0.0,0.0,0.0,0.0,0.0,0.0,0.0,0.0,0.0,0.0,0.0,0.0,0.0,,
Pascal_Struijk,Pascal,Struijk,50,5,2,108,DEF,Brighton,0,0,False,80.4363123787208,0.0,0.0,0.0,0.0,0.0,0.0,0.0,0.0,0.0,0.0,0.0,0.0,0.0,0.0,0.0,0.0,0.0,0.0,9,92.0
Bafode_Diakite,Bafodé,Diakité,50,3,2,46,DEF,Bournemouth,0,0,True,80.4363123787208,0.0,0.0,0.0,0.0,0.0,0.0,0.0,0.0,0.0,0.0,0.0,0.0,0.0,0.0,0.0,0.0,0.0,0.0,,
Sepp_van_den_Berg,Sepp,van den Berg,50,4,2,113,DEF,Brentford,0,0,True,0.0,0.0,0.0,0.0,0.0,0.0,0.0,0.0,0.0,0.0,0.0,0.0,0.0,0.0,0.0,0.0,0.0,0.0,0.0,,
Luka_Vuskovic,Luka,Vušković,50,5,2,0,DEF,Brighton,0,0,False,80.4363123787208,0.0,0.0,0.0,0.0,0.0,0.0,0.0,0.0,0.0,0.0,0.0,0.0,0.0,0.0,0.0,0.0,0.0,0.0,2,142.0
Malo_Gusto,Malo,Gusto,50,6,2,96,DEF,Chelsea,0,0,True,80.4363123787208,0.0,0.0,0.0,0.0,0.0,0.0,0.0,0.0,0.0,0.0,0.0,0.0,0.0,0.0,0.0,0.0,0.0,0.0,,
Wesley_Fofana,Wesley,Fofana,50,6,2,65,DEF,Chelsea,0,0,True,80.4363123787208,0.0,0.0,0.0,0.0,0.0,0.0,0.0,0.0,0.0,0.0,0.0,0.0,0.0,0.0,0.0,0.0,0.0,0.0,,
Mats_Wieffer,Mats,Wieffer,50,5,2,94,DEF,Brighton,0,0,False,80.4363123787208,0.0,0.0,0.0,0.0,0.0,0.0,0.0,0.0,0.0,0.0,0.0,0.0,0.0,0.0,0.0,0.0,0.0,0.0,4,97.0
Veljko_Milosavljevic,Veljko,Milosavljevic,50,3,2,19,DEF,Bournemouth,0,0,True,0.0,0.0,0.0,0.0,0.0,0.0,0.0,0.0,0.0,0.0,0.0,0.0,0.0,0.0,0.0,0.0,0.0,0.0,0.0,,
Antonio_Joao_Pereira_de_Albuquerque_Tavares_da_Silva,António João,Pereira de Albuquerque Tavares da Silva,50,3,2,0,DEF,Bournemouth,0,0,True,80.4363123787208,0.0,0.0,0.0,0.0,0.0,0.0,0.0,0.0,0.0,0.0,0.0,0.0,0.0,0.0,0.0,0.0,0.0,0.0,,
Levi_Samuels_Colwill,Levi,Samuels Colwill,50,6,2,8,DEF,Chelsea,0,0,True,80.4363123787208,0.0,0.0,0.0,0.0,0.0,0.0,0.0,0.0,0.0,0.0,0.0,0.0,0.0,0.0,0.0,0.0,0.0,27.789221249954267,,
Malick_Thiaw,Malick,Thiaw,50,17,2,126,DEF,Newcastle,0,0,False,80.4363123787208,0.0,0.0,0.0,0.0,0.0,0.0,0.0,0.0,0.0,0.0,0.0,0.0,0.0,0.0,0.0,0.0,27.789221249954267,0.0,10,130.0
Leny_Yoro,Leny,Yoro,50,16,2,56,DEF,Man Utd,0,0,True,80.4363123787208,0.0,0.0,0.0,0.0,0.0,0.0,0.0,0.0,0.0,0.0,0.0,0.0,0.0,0.0,0.0,27.789221249954267,0.0,0.0,,
Kostas_Tsimikas,Kostas,Tsimikas,50,14,2,0,DEF,Liverpool,0,0,True,80.4363123787208,0.0,0.0,0.0,0.0,0.0,0.0,0.0,0.0,0.0,0.0,0.0,0.0,0.0,0.0,27.789221249954267,0.0,0.0,0.0,,
Omar_Alderete,Omar,Alderete,50,20,2,125,DEF,Sunderland,0,0,True,80.4363123787208,0.0,0.0,0.0,0.0,0.0,0.0,0.0,0.0,0.0,0.0,0.0,0.0,0.0,27.789221249954267,0.0,0.0,0.0,0.0,,
Tino_Livramento,Tino,Livramento,50,17,2,59,DEF,Newcastle,0,0,False,80.4363123787208,0.0,0.0,0.0,0.0,0.0,0.0,0.0,0.0,0.0,0.0,0.0,0.0,27.789221249954267,0.0,0.0,0.0,0.0,0.0,6,146.0
Lewis_Hall,Lewis,Hall,50,17,2,79,DEF,Newcastle,0,0,True,80.4363123787208,0.0,0.0,0.0,0.0,0.0,0.0,0.0,0.0,0.0,0.0,0.0,27.789221249954267,0.0,0.0,0.0,0.0,0.0,0.0,,
Lisandro_Martinez,Lisandro,Martínez,50,16,2,51,DEF,Man Utd,0,0,True,80.4363123787208,0.0,0.0,0.0,0.0,0.0,0.0,0.0,0.0,0.0,0.0,27.789221249954267,0.0,0.0,0.0,0.0,0.0,0.0,0.0,,
Cristian_Romero,Cristian,Romero,50,19,2,91,DEF,Spurs,0,0,True,80.4363123787208,0.0,0.0,0.0,0.0,0.0,0.0,0.0,0.0,0.0,27.789221249954267,0.0,0.0,0.0,0.0,0.0,0.0,0.0,0.0,,
Kevin_Danso,Kevin,Danso,50,19,2,63,DEF,Spurs,0,0,True,80.4363123787208,0.0,0.0,0.0,0.0,0.0,0.0,0.0,0.0,27.789221249954267,0.0,0.0,0.0,0.0,0.0,0.0,0.0,0.0,0.0,,
Micky_van_de_Ven,Micky,van de Ven,50,19,2,116,DEF,Spurs,0,0,False,80.4363123787208,0.0,0.0,0.0,0.0,0.0,0.0,0.0,27.789221249954267,0.0,0.0,0.0,0.0,0.0,0.0,0.0,0.0,0.0,0.0,1,121.0
Jan_Paul_van_Hecke,Jan Paul,van Hecke,50,19,2,148,DEF,Spurs,0,0,True,80.4363123787208,0.0,0.0,0.0,0.0,0.0,0.0,27.789221249954267,0.0,0.0,0.0,0.0,0.0,0.0,0.0,0.0,0.0,0.0,0.0,,
Daniel_Ballard,Daniel,Ballard,50,20,2,116,DEF,Sunderland,0,0,False,80.4363123787208,0.0,0.0,0.0,0.0,0.0,27.789221249954267,0.0,0.0,0.0,0.0,0.0,0.0,0.0,0.0,0.0,0.0,0.0,0.0,3,123.0
Sven_Botman,Sven,Botman,50,17,2,89,DEF,Newcastle,0,0,False,80.4363123787208,0.0,0.0,0.0,0.0,27.789221249954267,0.0,0.0,0.0,0.0,0.0,0.0,0.0,0.0,0.0,0.0,0.0,0.0,0.0,2,139.0
Neco_Williams,Neco,Williams,50,18,2,128,DEF,Nott'm Forest,0,0,False,80.4363123787208,0.0,0.0,0.0,27.789221249954267,0.0,0.0,0.0,0.0,0.0,0.0,0.0,0.0,0.0,0.0,0.0,0.0,0.0,0.0,7,127.0
Dan_Burn,Dan,Burn,50,17,2,93,DEF,Newcastle,0,0,False,80.4363123787208,0.0,0.0,27.789221249954267,0.0,0.0,0.0,0.0,0.0,0.0,0.0,0.0,0.0,0.0,0.0,0.0,0.0,0.0,0.0,10,150.0
Fabian_Schar,Fabian,Schär,50,17,2,51,DEF,Newcastle,0,0,True,80.4363123787208,0.0,27.789221249954267,0.0,0.0,0.0,0.0,0.0,0.0,0.0,0.0,0.0,0.0,0.0,0.0,0.0,0.0,0.0,0.0,,
Felipe_Rodrigues_da_Silva,Felipe,Rodrigues da Silva,50,18,2,53,DEF,Nott'm Forest,0,0,False,80.4363123787208,27.789221249954267,0.0,0.0,0.0,0.0,0.0,0.0,0.0,0.0,0.0,0.0,0.0,0.0,0.0,0.0,0.0,0.0,0.0,4,117.0
Trai_Hume,Trai,Hume,45,20,2,110,DEF,Sunderland,0,0,True,52.64709112876653,0.0,0.0,0.0,0.0,0.0,0.0,0.0,0.0,0.0,0.0,0.0,0.0,0.0,0.0,0.0,0.0,0.0,0.0,,
Thomas_Meunier,Thomas,Meunier,45,20,2,0,DEF,Sunderland,0,0,True,52.64709112876653,0.0,0.0,0.0,0.0,0.0,0.0,0.0,0.0,0.0,0.0,0.0,0.0,0.0,0.0,0.0,0.0,0.0,0.0,,
Nathan_Patterson,Nathan,Patterson,45,9,2,22,DEF,Everton,0,0,True,52.64709112876653,0.0,0.0,0.0,0.0,0.0,0.0,0.0,0.0,0.0,0.0,0.0,0.0,0.0,0.0,0.0,0.0,0.0,0.0,,
Aaron_Hickey,Aaron,Hickey,45,4,2,37,DEF,Brentford,0,0,True,52.64709112876653,0.0,0.0,0.0,0.0,0.0,0.0,0.0,0.0,0.0,0.0,0.0,0.0,0.0,0.0,0.0,0.0,0.0,0.0,,
Rico_Henry,Rico,Henry,45,4,2,52,DEF,Brentford,0,0,True,52.64709112876653,0.0,0.0,0.0,0.0,0.0,0.0,0.0,0.0,0.0,0.0,0.0,0.0,0.0,0.0,0.0,0.0,0.0,0.0,,
Kim_Ji_soo,Kim,Ji-soo,45,4,2,0,DEF,Brentford,0,0,True,52.64709112876653,0.0,0.0,0.0,0.0,0.0,0.0,0.0,0.0,0.0,0.0,0.0,0.0,0.0,0.0,0.0,0.0,0.0,0.0,,
Michael_Kayode,Michael,Kayode,45,4,2,113,DEF,Brentford,0,0,True,52.64709112876653,0.0,0.0,0.0,0.0,0.0,0.0,0.0,0.0,0.0,0.0,0.0,0.0,0.0,0.0,0.0,0.0,0.0,0.0,,
Tyrone_Mings,Tyrone,Mings,45,2,2,50,DEF,Aston Villa,0,0,True,52.64709112876653,0.0,0.0,0.0,0.0,0.0,0.0,0.0,0.0,0.0,0.0,0.0,0.0,0.0,0.0,0.0,0.0,0.0,0.0,,
Matty_Cash,Matty,Cash,45,2,2,117,DEF,Aston Villa,0,0,True,52.64709112876653,0.0,0.0,0.0,0.0,0.0,0.0,0.0,0.0,0.0,0.0,0.0,0.0,0.0,0.0,0.0,0.0,0.0,0.0,,
Victor_Lindelof,Victor,Lindelöf,45,2,2,29,DEF,Aston Villa,0,0,True,52.64709112876653,0.0,0.0,0.0,0.0,0.0,0.0,0.0,0.0,0.0,0.0,0.0,0.0,0.0,0.0,0.0,0.0,0.0,0.0,,
Juanlu_Sanchez,Juanlu,Sánchez,45,3,2,0,DEF,Bournemouth,0,0,True,52.64709112876653,0.0,0.0,0.0,0.0,0.0,0.0,0.0,0.0,0.0,0.0,0.0,0.0,0.0,0.0,0.0,0.0,0.0,0.0,,
Julian_Araujo_Zuniga,Julián,Araujo Zúñiga,45,3,2,0,DEF,Bournemouth,0,0,True,0.0,0.0,0.0,0.0,0.0,0.0,0.0,0.0,0.0,0.0,0.0,0.0,0.0,0.0,0.0,0.0,0.0,0.0,0.0,,
Ian_Maatsen,Ian,Maatsen,45,2,2,54,DEF,Aston Villa,0,0,True,52.64709112876653,0.0,0.0,0.0,0.0,0.0,0.0,0.0,0.0,0.0,0.0,0.0,0.0,0.0,0.0,0.0,0.0,0.0,0.0,,
Adam_Smith,Adam,Smith,45,3,2,58,DEF,Bournemouth,0,0,True,52.64709112876653,0.0,0.0,0.0,0.0,0.0,0.0,0.0,0.0,0.0,0.0,0.0,0.0,0.0,0.0,0.0,0.0,0.0,0.0,,
Kristoffer_Ajer,Kristoffer,Ajer,45,4,2,76,DEF,Brentford,0,0,True,52.64709112876653,0.0,0.0,0.0,0.0,0.0,0.0,0.0,0.0,0.0,0.0,0.0,0.0,0.0,0.0,0.0,0.0,0.0,0.0,,
Diego_Coppola,Diego,Coppola,45,5,2,10,DEF,Brighton,0,0,True,52.64709112876653,0.0,0.0,0.0,0.0,0.0,0.0,0.0,0.0,0.0,0.0,0.0,0.0,0.0,0.0,0.0,0.0,0.0,0.0,,
Lewis_Dunk,Lewis,Dunk,45,5,2,100,DEF,Brighton,0,0,True,52.64709112876653,0.0,0.0,0.0,0.0,0.0,0.0,0.0,0.0,0.0,0.0,0.0,0.0,0.0,0.0,0.0,0.0,0.0,0.0,,
Joao_Pedro_Loureiro_da_Costa,João Pedro,Loureiro da Costa,45,5,2,0,DEF,Brighton,0,0,True,52.64709112876653,0.0,0.0,0.0,0.0,0.0,0.0,0.0,0.0,0.0,0.0,0.0,0.0,0.0,0.0,0.0,0.0,0.0,0.0,,
Ezri_Konsa_Ngoyo,Ezri,Konsa Ngoyo,45,2,2,100,DEF,Aston Villa,0,0,True,52.64709112876653,0.0,0.0,0.0,0.0,0.0,0.0,0.0,0.0,0.0,0.0,0.0,0.0,0.0,0.0,0.0,0.0,0.0,0.0,,
Pau_Torres,Pau,Torres,45,2,2,64,DEF,Aston Villa,0,0,True,52.64709112876653,0.0,0.0,0.0,0.0,0.0,0.0,0.0,0.0,0.0,0.0,0.0,0.0,0.0,0.0,0.0,0.0,0.0,0.0,,
Lucas_Digne,Lucas,Digne,45,2,2,97,DEF,Aston Villa,0,0,True,52.64709112876653,0.0,0.0,0.0,0.0,0.0,0.0,0.0,0.0,0.0,0.0,0.0,0.0,0.0,0.0,0.0,0.0,0.0,0.0,,
Destiny_Udogie,Destiny,Udogie,45,19,2,29,DEF,Spurs,0,0,True,52.64709112876653,0.0,0.0,0.0,0.0,0.0,0.0,0.0,0.0,0.0,0.0,0.0,0.0,0.0,0.0,0.0,0.0,0.0,0.0,,
Mamadou_Sarr,Mamadou,Sarr,45,6,2,3,DEF,Chelsea,0,0,True,52.64709112876653,0.0,0.0,0.0,0.0,0.0,0.0,0.0,0.0,0.0,0.0,0.0,0.0,0.0,0.0,0.0,0.0,0.0,0.0,,
Aaron_Anselmino,Aaron,Anselmino,45,6,2,0,DEF,Chelsea,0,0,True,52.64709112876653,0.0,0.0,0.0,0.0,0.0,0.0,0.0,0.0,0.0,0.0,0.0,0.0,0.0,0.0,0.0,0.0,0.0,0.0,,
Axel_Disasi,Axel,Disasi,45,6,2,0,DEF,Chelsea,0,0,True,52.64709112876653,0.0,0.0,0.0,0.0,0.0,0.0,0.0,0.0,0.0,0.0,0.0,0.0,0.0,0.0,0.0,0.0,0.0,0.0,,
Josh_Acheampong,Josh,Acheampong,45,6,2,39,DEF,Chelsea,0,0,True,52.64709112876653,0.0,0.0,0.0,0.0,0.0,0.0,0.0,0.0,0.0,0.0,0.0,0.0,0.0,0.0,0.0,0.0,0.0,0.0,,
Olivier_Boscagli,Olivier,Boscagli,45,5,2,39,DEF,Brighton,0,0,True,52.64709112876653,0.0,0.0,0.0,0.0,0.0,0.0,0.0,0.0,0.0,0.0,0.0,0.0,0.0,0.0,0.0,0.0,0.0,0.0,,
Ferdi_Kadioglu,Ferdi,Kadıoğlu,45,5,2,118,DEF,Brighton,0,0,True,52.64709112876653,0.0,0.0,0.0,0.0,0.0,0.0,0.0,0.0,0.0,0.0,0.0,0.0,0.0,0.0,0.0,0.0,0.0,0.0,,
Jannik_Schuster,Jannik,Schuster,45,4,2,0,DEF,Brentford,0,0,True,52.64709112876653,0.0,0.0,0.0,0.0,0.0,0.0,0.0,0.0,0.0,0.0,0.0,0.0,0.0,0.0,0.0,0.0,0.0,0.0,,
Maxim_De_Cuyper,Maxim,De Cuyper,45,5,2,84,DEF,Brighton,0,0,True,52.64709112876653,0.0,0.0,0.0,0.0,0.0,0.0,0.0,0.0,0.0,0.0,0.0,0.0,0.0,0.0,0.0,0.0,0.0,0.0,,
Igor_Julio_dos_Santos_de_Paulo,Igor Julio,dos Santos de Paulo,45,5,2,6,DEF,Brighton,0,0,True,52.64709112876653,0.0,0.0,0.0,0.0,0.0,0.0,0.0,0.0,0.0,0.0,0.0,0.0,0.0,0.0,0.0,0.0,0.0,0.0,,
Benoit_Badiashile_Mukinayi,Benoît,Badiashile Mukinayi,45,6,2,7,DEF,Chelsea,0,0,True,52.64709112876653,0.0,0.0,0.0,0.0,0.0,0.0,0.0,0.0,0.0,0.0,0.0,0.0,0.0,0.0,0.0,0.0,0.0,0.0,,
Tosin_Adarabioyo,Tosin,Adarabioyo,45,6,2,34,DEF,Chelsea,0,0,True,52.64709112876653,0.0,0.0,0.0,0.0,0.0,0.0,0.0,0.0,0.0,0.0,0.0,0.0,0.0,0.0,0.0,0.0,0.0,0.0,,
Jorrel_Hato,Jorrel,Hato,45,6,2,19,DEF,Chelsea,0,0,True,52.64709112876653,0.0,0.0,0.0,0.0,0.0,0.0,0.0,0.0,0.0,0.0,0.0,0.0,0.0,0.0,0.0,0.0,0.0,0.0,,
Ethan_Pinnock,Ethan,Pinnock,45,4,2,14,DEF,Brentford,0,0,True,52.64709112876653,0.0,0.0,0.0,0.0,0.0,0.0,0.0,0.0,0.0,0.0,0.0,0.0,0.0,0.0,0.0,0.0,0.0,0.0,,
Timothy_Castagne,Timothy,Castagne,45,10,2,61,DEF,Fulham,0,0,True,52.64709112876653,0.0,0.0,0.0,0.0,0.0,0.0,0.0,0.0,0.0,0.0,0.0,0.0,0.0,0.0,0.0,0.0,0.0,0.0,,
Jorge_Cuenca_Barreno,Jorge,Cuenca Barreno,45,10,2,39,DEF,Fulham,0,0,True,52.64709112876653,0.0,0.0,0.0,0.0,0.0,0.0,0.0,0.0,0.0,0.0,0.0,0.0,0.0,0.0,0.0,0.0,0.0,0.0,,
Antonee_Robinson,Antonee,Robinson,45,10,2,65,DEF,Fulham,0,0,True,52.64709112876653,0.0,0.0,0.0,0.0,0.0,0.0,0.0,0.0,0.0,0.0,0.0,0.0,0.0,0.0,0.0,0.0,0.0,0.0,,
Ryan_Sessegnon,Ryan,Sessegnon,45,10,2,95,DEF,Fulham,0,0,True,52.64709112876653,0.0,0.0,0.0,0.0,0.0,0.0,0.0,0.0,0.0,0.0,0.0,0.0,0.0,0.0,0.0,0.0,0.0,0.0,,
Calvin_Bassey,Calvin,Bassey,45,10,2,103,DEF,Fulham,0,0,True,52.64709112876653,0.0,0.0,0.0,0.0,0.0,0.0,0.0,0.0,0.0,0.0,0.0,0.0,0.0,0.0,0.0,0.0,0.0,0.0,,
Gabriel_Gudmundsson,Gabriel,Gudmundsson,45,13,2,68,DEF,Leeds,0,0,True,0.0,0.0,0.0,0.0,0.0,0.0,0.0,0.0,0.0,0.0,0.0,0.0,0.0,0.0,0.0,0.0,0.0,0.0,0.0,,
Kenny_Tete,Kenny,Tete,45,10,2,81,DEF,Fulham,0,0,True,52.64709112876653,0.0,0.0,0.0,0.0,0.0,0.0,0.0,0.0,0.0,0.0,0.0,0.0,0.0,0.0,0.0,0.0,0.0,0.0,,
Takehiro_Tomiyasu,Takehiro,Tomiyasu,45,8,2,0,DEF,Crystal Palace,0,0,True,52.64709112876653,0.0,0.0,0.0,0.0,0.0,0.0,0.0,0.0,0.0,0.0,0.0,0.0,0.0,0.0,0.0,0.0,0.0,0.0,,
Vitalii_Mykolenko,Vitalii,Mykolenko,45,9,2,95,DEF,Everton,0,0,True,52.64709112876653,0.0,0.0,0.0,0.0,0.0,0.0,0.0,0.0,0.0,0.0,0.0,0.0,0.0,0.0,0.0,0.0,0.0,0.0,,
Rio_Cardines,Rio,Cardines,45,8,2,2,DEF,Crystal Palace,0,0,True,52.64709112876653,0.0,0.0,0.0,0.0,0.0,0.0,0.0,0.0,0.0,0.0,0.0,0.0,0.0,0.0,0.0,0.0,0.0,0.0,,
Tyrick_Mitchell,Tyrick,Mitchell,45,8,2,135,DEF,Crystal Palace,0,0,True,52.64709112876653,0.0,0.0,0.0,0.0,0.0,0.0,0.0,0.0,0.0,0.0,0.0,0.0,0.0,0.0,0.0,0.0,0.0,0.0,,
Borna_Sosa,Borna,Sosa,45,8,2,6,DEF,Crystal Palace,0,0,True,52.64709112876653,0.0,0.0,0.0,0.0,0.0,0.0,0.0,0.0,0.0,0.0,0.0,0.0,0.0,0.0,0.0,0.0,0.0,0.0,,
Oscar_Mingueza,Oscar,Mingueza,45,8,2,0,DEF,Crystal Palace,0,0,True,52.64709112876653,0.0,0.0,0.0,0.0,0.0,0.0,0.0,0.0,0.0,0.0,0.0,0.0,0.0,0.0,0.0,0.0,0.0,0.0,,
Chadi_Riad_Dnanou,Chadi,Riad Dnanou,45,8,2,20,DEF,Crystal Palace,0,0,True,52.64709112876653,0.0,0.0,0.0,0.0,0.0,0.0,0.0,0.0,0.0,0.0,0.0,0.0,0.0,0.0,0.0,0.0,0.0,0.0,,
James_Justin,James,Justin,45,13,2,94,DEF,Leeds,0,0,True,52.64709112876653,0.0,0.0,0.0,0.0,0.0,0.0,0.0,0.0,0.0,0.0,0.0,0.0,0.0,0.0,0.0,0.0,0.0,27.78922124995421,,
Jenson_Seelt,Jenson,Seelt,45,20,2,2,DEF,Sunderland,0,0,True,52.64709112876653,0.0,0.0,0.0,0.0,0.0,0.0,0.0,0.0,0.0,0.0,0.0,0.0,0.0,0.0,0.0,0.0,27.78922124995421,0.0,,
Ashley_Phillips,Ashley,Phillips,45,19,2,0,DEF,Spurs,0,0,True,52.64709112876653,0.0,0.0,0.0,0.0,0.0,0.0,0.0,0.0,0.0,0.0,0.0,0.0,0.0,0.0,0.0,27.78922124995421,0.0,0.0,,
Jayden_Bogle,Jayden,Bogle,45,13,2,96,DEF,Leeds,0,0,True,52.64709112876653,0.0,0.0,0.0,0.0,0.0,0.0,0.0,0.0,0.0,0.0,0.0,0.0,0.0,0.0,27.78922124995421,0.0,0.0,0.0,,
Joe_Rodon,Joe,Rodon,45,13,2,109,DEF,Leeds,0,0,True,52.64709112876653,0.0,0.0,0.0,0.0,0.0,0.0,0.0,0.0,0.0,0.0,0.0,0.0,0.0,27.78922124995421,0.0,0.0,0.0,0.0,,
Luke_Shaw,Luke,Shaw,45,16,2,113,DEF,Man Utd,0,0,True,52.64709112876653,0.0,0.0,0.0,0.0,0.0,0.0,0.0,0.0,0.0,0.0,0.0,0.0,27.78922124995421,0.0,0.0,0.0,0.0,0.0,,
Ayden_Heaven,Ayden,Heaven,45,16,2,42,DEF,Man Utd,0,0,True,52.64709112876653,0.0,0.0,0.0,0.0,0.0,0.0,0.0,0.0,0.0,0.0,0.0,27.78922124995421,0.0,0.0,0.0,0.0,0.0,0.0,,
Rico_Lewis,Rico,Lewis,45,15,2,19,DEF,Man City,0,0,True,52.64709112876653,0.0,0.0,0.0,0.0,0.0,0.0,0.0,0.0,0.0,0.0,27.78922124995421,0.0,0.0,0.0,0.0,0.0,0.0,0.0,,
Noussair_Mazraoui,Noussair,Mazraoui,45,16,2,53,DEF,Man Utd,0,0,True,52.64709112876653,0.0,0.0,0.0,0.0,0.0,0.0,0.0,0.0,0.0,27.78922124995421,0.0,0.0,0.0,0.0,0.0,0.0,0.0,0.0,,
Vitor_de_Oliveira_Nunes_dos_Reis,Vitor,de Oliveira Nunes dos Reis,45,15,2,0,DEF,Man City,0,0,True,52.64709112876653,0.0,0.0,0.0,0.0,0.0,0.0,0.0,0.0,27.78922124995421,0.0,0.0,0.0,0.0,0.0,0.0,0.0,0.0,0.0,,
Reinildo_Mandava,Reinildo,Mandava,45,20,2,74,DEF,Sunderland,0,0,True,52.64709112876653,0.0,0.0,0.0,0.0,0.0,0.0,0.0,27.78922124995421,0.0,0.0,0.0,0.0,0.0,0.0,0.0,0.0,0.0,0.0,,
Nicolo_Savona,Nicolò,Savona,45,18,2,39,DEF,Nott'm Forest,0,0,True,52.64709112876653,0.0,0.0,0.0,0.0,0.0,0.0,27.78922124995421,0.0,0.0,0.0,0.0,0.0,0.0,0.0,0.0,0.0,0.0,0.0,,
Luca_Netz,Luca,Netz,45,18,2,11,DEF,Nott'm Forest,0,0,True,52.64709112876653,0.0,0.0,0.0,0.0,0.0,27.78922124995421,0.0,0.0,0.0,0.0,0.0,0.0,0.0,0.0,0.0,0.0,0.0,0.0,,
Djed_Spence,Djed,Spence,45,19,2,78,DEF,Spurs,0,0,True,52.64709112876653,0.0,0.0,0.0,0.0,27.78922124995421,0.0,0.0,0.0,0.0,0.0,0.0,0.0,0.0,0.0,0.0,0.0,0.0,0.0,,
Jair_Paula_da_Cunha_Filho,Jair,Paula da Cunha Filho,45,18,2,13,DEF,Nott'm Forest,0,0,True,52.64709112876653,0.0,0.0,0.0,27.78922124995421,0.0,0.0,0.0,0.0,0.0,0.0,0.0,0.0,0.0,0.0,0.0,0.0,0.0,0.0,,
Andrew_Robertson,Andrew,Robertson,45,19,2,55,DEF,Spurs,0,0,True,52.64709112876653,0.0,0.0,27.78922124995421,0.0,0.0,0.0,0.0,0.0,0.0,0.0,0.0,0.0,0.0,0.0,0.0,0.0,0.0,0.0,,
Ola_Aina,Ola,Aina,45,18,2,67,DEF,Nott'm Forest,0,0,True,52.64709112876653,0.0,27.78922124995421,0.0,0.0,0.0,0.0,0.0,0.0,0.0,0.0,0.0,0.0,0.0,0.0,0.0,0.0,0.0,0.0,,
Sebastiaan_Bornauw,Sebastiaan,Bornauw,45,13,2,25,DEF,Leeds,0,0,True,52.64709112876653,27.78922124995421,0.0,0.0,0.0,0.0,0.0,0.0,0.0,0.0,0.0,0.0,0.0,0.0,0.0,0.0,0.0,0.0,0.0,,
Kosta_Nedeljkovic,Kosta,Nedeljkovic,40,2,2,0,DEF,Aston Villa,0,0,True,24.857869878812323,0.0,0.0,0.0,0.0,0.0,0.0,0.0,0.0,0.0,0.0,0.0,0.0,0.0,0.0,0.0,0.0,0.0,0.0,,
Andres_Garcia,Andrés,García,40,2,2,5,DEF,Aston Villa,0,0,True,24.857869878812323,0.0,0.0,0.0,0.0,0.0,0.0,0.0,0.0,0.0,0.0,0.0,0.0,0.0,0.0,0.0,0.0,0.0,0.0,,
Julio_Soler_Barreto,Julio,Soler Barreto,40,3,2,3,DEF,Bournemouth,0,0,True,24.857869878812323,0.0,0.0,0.0,0.0,0.0,0.0,0.0,0.0,0.0,0.0,0.0,0.0,0.0,0.0,0.0,0.0,0.0,0.0,,
Bobby_Thomas,Bobby,Thomas,40,7,2,0,DEF,Coventry City,0,0,True,24.857869878812323,0.0,0.0,0.0,0.0,0.0,0.0,0.0,0.0,0.0,0.0,0.0,0.0,0.0,0.0,0.0,0.0,0.0,0.0,,
Jake_Bidwell,Jake,Bidwell,40,7,2,0,DEF,Coventry City,0,0,True,24.857869878812323,0.0,0.0,0.0,0.0,0.0,0.0,0.0,0.0,0.0,0.0,0.0,0.0,0.0,0.0,0.0,0.0,0.0,0.0,,
John_Egan,John,Egan,40,11,2,0,DEF,Hull City,0,0,True,24.857869878812323,0.0,0.0,0.0,0.0,0.0,0.0,0.0,0.0,0.0,0.0,0.0,0.0,0.0,0.0,0.0,0.0,0.0,0.0,,
Kaine_Kesler_Hayden,Kaine,Kesler-Hayden,40,7,2,0,DEF,Coventry City,0,0,True,24.857869878812323,0.0,0.0,0.0,0.0,0.0,0.0,0.0,0.0,0.0,0.0,0.0,0.0,0.0,0.0,0.0,0.0,0.0,0.0,,
Liam_Kitching,Liam,Kitching,40,7,2,0,DEF,Coventry City,0,0,True,24.857869878812323,0.0,0.0,0.0,0.0,0.0,0.0,0.0,0.0,0.0,0.0,0.0,0.0,0.0,0.0,0.0,0.0,0.0,0.0,,
Milan_van_Ewijk,Milan,van Ewijk,40,7,2,0,DEF,Coventry City,0,0,True,24.857869878812323,0.0,0.0,0.0,0.0,0.0,0.0,0.0,0.0,0.0,0.0,0.0,0.0,0.0,0.0,0.0,0.0,0.0,0.0,,
Jay_Dasilva,Jay,Dasilva,40,7,2,0,DEF,Coventry City,0,0,True,24.857869878812323,0.0,0.0,0.0,0.0,0.0,0.0,0.0,0.0,0.0,0.0,0.0,0.0,0.0,0.0,0.0,0.0,0.0,0.0,,
Adam_Aznou,Adam,Aznou,40,9,2,0,DEF,Everton,0,0,True,24.857869878812323,0.0,0.0,0.0,0.0,0.0,0.0,0.0,0.0,0.0,0.0,0.0,0.0,0.0,0.0,0.0,0.0,0.0,0.0,,
Luke_Woolfenden,Luke,Woolfenden,40,7,2,0,DEF,Coventry City,0,0,True,24.857869878812323,0.0,0.0,0.0,0.0,0.0,0.0,0.0,0.0,0.0,0.0,0.0,0.0,0.0,0.0,0.0,0.0,0.0,0.0,,
Joel_Latibeaudiere,Joel,Latibeaudiere,40,7,2,0,DEF,Coventry City,0,0,True,24.857869878812323,0.0,0.0,0.0,0.0,0.0,0.0,0.0,0.0,0.0,0.0,0.0,0.0,0.0,0.0,0.0,0.0,0.0,0.0,,
Aurele_Amenda,Aurèle,Amenda,40,7,2,0,DEF,Coventry City,0,0,True,24.857869878812323,0.0,0.0,0.0,0.0,0.0,0.0,0.0,0.0,0.0,0.0,0.0,0.0,0.0,0.0,0.0,0.0,0.0,0.0,,
Miguel_Brau,Miguel,Brau,40,7,2,0,DEF,Coventry City,0,0,True,24.857869878812323,0.0,0.0,0.0,0.0,0.0,0.0,0.0,0.0,0.0,0.0,0.0,0.0,0.0,0.0,0.0,0.0,0.0,0.0,,
Giovanni_Leoni,Giovanni,Leoni,40,14,2,0,DEF,Liverpool,0,0,True,24.857869878812323,0.0,0.0,0.0,0.0,0.0,0.0,0.0,0.0,0.0,0.0,0.0,0.0,0.0,0.0,0.0,0.0,0.0,0.0,,
Wellity_Lucky,Wellity,Lucky,40,14,2,0,DEF,Liverpool,0,0,True,24.857869878812323,0.0,0.0,0.0,0.0,0.0,0.0,0.0,0.0,0.0,0.0,0.0,0.0,0.0,0.0,0.0,0.0,0.0,0.0,,
Darnell_Furlong,Darnell,Furlong,40,12,2,0,DEF,Ipswich Town,0,0,True,24.857869878812323,0.0,0.0,0.0,0.0,0.0,0.0,0.0,0.0,0.0,0.0,0.0,0.0,0.0,0.0,0.0,0.0,0.0,0.0,,
Lewie_Coyle,Lewie,Coyle,40,11,2,0,DEF,Hull City,0,0,True,24.857869878812323,0.0,0.0,0.0,0.0,0.0,0.0,0.0,0.0,0.0,0.0,0.0,0.0,0.0,0.0,0.0,0.0,0.0,0.0,,
Cody_Drameh,Cody,Drameh,40,11,2,0,DEF,Hull City,0,0,True,24.857869878812323,0.0,0.0,0.0,0.0,0.0,0.0,0.0,0.0,0.0,0.0,0.0,0.0,0.0,0.0,0.0,0.0,0.0,0.0,,
Ryan_Giles,Ryan,Giles,40,11,2,0,DEF,Hull City,0,0,True,24.857869878812323,0.0,0.0,0.0,0.0,0.0,0.0,0.0,0.0,0.0,0.0,0.0,0.0,0.0,0.0,0.0,0.0,0.0,0.0,,
Matty_Jacob,Matty,Jacob,40,11,2,0,DEF,Hull City,0,0,True,24.857869878812323,0.0,0.0,0.0,0.0,0.0,0.0,0.0,0.0,0.0,0.0,0.0,0.0,0.0,0.0,0.0,0.0,0.0,0.0,,
Cathal_McCarthy,Cathal,McCarthy,40,11,2,0,DEF,Hull City,0,0,True,24.857869878812323,0.0,0.0,0.0,0.0,0.0,0.0,0.0,0.0,0.0,0.0,0.0,0.0,0.0,0.0,0.0,0.0,0.0,0.0,,
Paddy_McNair,Paddy,McNair,40,11,2,0,DEF,Hull City,0,0,True,24.857869878812323,0.0,0.0,0.0,0.0,0.0,0.0,0.0,0.0,0.0,0.0,0.0,0.0,0.0,0.0,0.0,0.0,0.0,0.0,,
Matt_Targett,Matt,Targett,40,11,2,0,DEF,Hull City,0,0,True,24.857869878812323,0.0,0.0,0.0,0.0,0.0,0.0,0.0,0.0,0.0,0.0,0.0,0.0,0.0,0.0,0.0,0.0,0.0,0.0,,
Issa_Diop,Issa,Diop,40,12,2,31,DEF,Ipswich Town,0,0,True,24.857869878812323,0.0,0.0,0.0,0.0,0.0,0.0,0.0,0.0,0.0,0.0,0.0,0.0,0.0,0.0,0.0,0.0,0.0,0.0,,
Cedric_Kipre,Cédric,Kipré,40,12,2,0,DEF,Ipswich Town,0,0,True,24.857869878812323,0.0,0.0,0.0,0.0,0.0,0.0,0.0,0.0,0.0,0.0,0.0,0.0,0.0,0.0,0.0,0.0,0.0,0.0,,
Dara_O'Shea,Dara,O'Shea,40,12,2,0,DEF,Ipswich Town,0,0,True,24.857869878812323,0.0,0.0,0.0,0.0,0.0,0.0,0.0,0.0,0.0,0.0,0.0,0.0,0.0,0.0,0.0,0.0,0.0,0.0,,
Leif_Davis,Leif,Davis,40,12,2,0,DEF,Ipswich Town,0,0,True,24.857869878812323,0.0,0.0,0.0,0.0,0.0,0.0,0.0,0.0,0.0,0.0,0.0,0.0,0.0,0.0,0.0,0.0,0.0,0.0,,
Jacob_Greaves,Jacob,Greaves,40,12,2,0,DEF,Ipswich Town,0,0,True,24.857869878812323,0.0,0.0,0.0,0.0,0.0,0.0,0.0,0.0,0.0,0.0,0.0,0.0,0.0,0.0,0.0,0.0,0.0,0.0,,
Ben_Johnson,Ben,Johnson,40,12,2,0,DEF,Ipswich Town,0,0,True,24.857869878812323,0.0,0.0,0.0,0.0,0.0,0.0,0.0,0.0,0.0,0.0,0.0,0.0,0.0,0.0,0.0,0.0,0.0,0.0,,
Charlie_Hughes,Charlie,Hughes,40,11,2,0,DEF,Hull City,0,0,True,0.0,0.0,0.0,0.0,0.0,0.0,0.0,0.0,0.0,0.0,0.0,0.0,0.0,0.0,0.0,0.0,0.0,0.0,0.0,,
Semi_Ajayi,Semi,Ajayi,40,11,2,0,DEF,Hull City,0,0,True,24.857869878812323,0.0,0.0,0.0,0.0,0.0,0.0,0.0,0.0,0.0,0.0,0.0,0.0,0.0,0.0,0.0,0.0,0.0,0.0,,
Tyler_Fredricson,Tyler,Fredricson,40,16,2,1,DEF,Man Utd,0,0,True,24.857869878812323,0.0,0.0,0.0,0.0,0.0,0.0,0.0,0.0,0.0,0.0,0.0,0.0,0.0,0.0,0.0,0.0,0.0,0.0,,
Calvin_Ramsay,Calvin,Ramsay,40,14,2,0,DEF,Liverpool,0,0,True,24.857869878812323,0.0,0.0,0.0,0.0,0.0,0.0,0.0,0.0,0.0,0.0,0.0,0.0,0.0,0.0,0.0,0.0,0.0,0.0,,
Alex_Murphy,Alex,Murphy,40,17,2,2,DEF,Newcastle,0,0,True,24.857869878812323,0.0,0.0,0.0,0.0,0.0,0.0,0.0,0.0,0.0,0.0,0.0,0.0,0.0,0.0,0.0,0.0,0.0,0.0,,
Harry_Amass,Harry,Amass,40,16,2,0,DEF,Man Utd,0,0,True,24.857869878812323,0.0,0.0,0.0,0.0,0.0,0.0,0.0,0.0,0.0,0.0,0.0,0.0,0.0,0.0,0.0,0.0,0.0,0.0,,
Tyler_Bindon,Tyler,Bindon,40,18,2,0,DEF,Nott'm Forest,0,0,True,24.857869878812323,0.0,0.0,0.0,0.0,0.0,0.0,0.0,0.0,0.0,0.0,0.0,0.0,0.0,0.0,0.0,0.0,0.0,0.0,,
Omar_Richards,Omar,Richards,40,18,2,0,DEF,Nott'm Forest,0,0,True,24.857869878812323,0.0,0.0,0.0,0.0,0.0,0.0,0.0,0.0,0.0,0.0,0.0,0.0,0.0,0.0,0.0,0.0,0.0,0.0,,
Zach_Abbott,Zach,Abbott,40,18,2,3,DEF,Nott'm Forest,0,0,True,24.857869878812323,0.0,0.0,0.0,0.0,0.0,0.0,0.0,0.0,0.0,0.0,0.0,0.0,0.0,0.0,0.0,0.0,0.0,0.0,,
Joao_Victor_de_Souza_Menezes,João Victor,de Souza Menezes,40,19,2,3,DEF,Spurs,0,0,True,24.857869878812323,0.0,0.0,0.0,0.0,0.0,0.0,0.0,0.0,0.0,0.0,0.0,0.0,0.0,0.0,0.0,0.0,0.0,0.0,,
Ben_Davies,Ben,Davies,40,19,2,10,DEF,Spurs,0,0,True,24.857869878812323,0.0,0.0,0.0,0.0,0.0,0.0,0.0,0.0,0.0,0.0,0.0,0.0,0.0,0.0,0.0,0.0,0.0,0.0,,
Jun'ai_Byfield,Jun'ai,Byfield,40,19,2,1,DEF,Spurs,0,0,True,24.857869878812323,0.0,0.0,0.0,0.0,0.0,0.0,0.0,0.0,0.0,0.0,0.0,0.0,0.0,0.0,0.0,0.0,0.0,0.0,,
James_Rowswell,James,Rowswell,40,19,2,1,DEF,Spurs,0,0,True,24.857869878812323,0.0,0.0,0.0,0.0,0.0,0.0,0.0,0.0,0.0,0.0,0.0,0.0,0.0,0.0,0.0,0.0,0.0,0.0,,
Leo_Fuhr_Hjelde,Leo Fuhr,Hjelde,40,20,2,0,DEF,Sunderland,0,0,True,24.857869878812323,0.0,0.0,0.0,0.0,0.0,0.0,0.0,0.0,0.0,0.0,0.0,0.0,0.0,0.0,0.0,0.0,0.0,0.0,,
Luke_O'Nien,Luke,O'Nien,40,20,2,26,DEF,Sunderland,0,0,True,24.857869878812323,0.0,0.0,0.0,0.0,0.0,0.0,0.0,0.0,0.0,0.0,0.0,0.0,0.0,0.0,0.0,0.0,0.0,0.0,,
Arthur_Masuaku,Arthur,Masuaku,40,20,2,1,DEF,Sunderland,0,0,True,24.857869878812323,0.0,0.0,0.0,0.0,0.0,0.0,0.0,0.0,0.0,0.0,0.0,0.0,0.0,0.0,0.0,0.0,0.0,0.0,,
Bruno_Borges_Fernandes,Bruno,Borges Fernandes,120,16,3,235,MID,Man Utd,0,0,False,295.3757877904242,89.38293669457249,0.0,35.75317467782895,17.876587338914533,0.0,0.0,17.876587338914476,0.0,0.0,0.0,0.0,0.0,17.876587338914504,0.0,0.0,0.0,0.0,0.0,2,2.0
Bukayo_Saka,Bukayo,Saka,95,1,3,157,MID,Arsenal,0,0,False,205.99285109585173,0.0,35.75317467782895,17.876587338914533,0.0,0.0,17.876587338914476,0.0,0.0,0.0,0.0,0.0,17.876587338914504,0.0,0.0,0.0,0.0,0.0,17.876587338914504,6,6.0
Cole_Palmer,Cole,Palmer,95,6,3,114,MID,Chelsea,0,0,False,205.99285109585173,35.75317467782895,17.876587338914533,0.0,0.0,17.876587338914476,0.0,0.0,0.0,0.0,0.0,17.876587338914504,0.0,0.0,0.0,0.0,0.0,17.876587338914504,0.0,8,8.0
Antoine_Semenyo,Antoine,Semenyo,85,15,3,202,MID,Man City,0,0,False,170.23967641802278,17.876587338914533,0.0,0.0,17.876587338914476,0.0,0.0,0.0,0.0,0.0,17.876587338914504,0.0,0.0,0.0,0.0,0.0,17.876587338914504,0.0,0.0,4,4.0
Matheus_Santos_Carneiro_da_Cunha,Matheus,Santos Carneiro da Cunha,80,16,3,143,MID,Man Utd,0,0,False,152.36308907910825,0.0,0.0,17.876587338914476,0.0,0.0,0.0,0.0,0.0,17.876587338914504,0.0,0.0,0.0,0.0,0.0,17.876587338914504,0.0,0.0,0.0,2,39.0
Bryan_Mbeumo,Bryan,Mbeumo,80,16,3,148,MID,Man Utd,0,0,False,152.36308907910825,0.0,17.876587338914476,0.0,0.0,0.0,0.0,0.0,17.876587338914504,0.0,0.0,0.0,0.0,0.0,17.876587338914504,0.0,0.0,0.0,0.0,9,12.0
Morgan_Gibbs_White,Morgan,Gibbs-White,80,18,3,188,MID,Nott'm Forest,0,0,False,152.36308907910825,17.876587338914476,0.0,0.0,0.0,0.0,0.0,17.876587338914504,0.0,0.0,0.0,0.0,0.0,17.876587338914504,0.0,0.0,0.0,0.0,0.0,10,11.0
Junior_Kroupi,Junior,Kroupi,75,3,3,113,MID,Bournemouth,0,0,True,0.0,0.0,0.0,0.0,0.0,0.0,0.0,0.0,0.0,0.0,0.0,0.0,0.0,0.0,0.0,0.0,0.0,0.0,0.0,,
Rayan_Cherki,Rayan,Cherki,75,15,3,135,MID,Man City,0,0,False,134.48650174019377,0.0,0.0,0.0,0.0,17.876587338914504,0.0,0.0,0.0,0.0,0.0,17.876587338914504,0.0,0.0,0.0,0.0,0.0,0.0,0.0,5,16.0
Florian_Wirtz,Florian,Wirtz,75,14,3,125,MID,Liverpool,0,0,False,134.48650174019377,0.0,0.0,0.0,17.876587338914504,0.0,0.0,0.0,0.0,0.0,17.876587338914504,0.0,0.0,0.0,0.0,0.0,0.0,0.0,0.0,3,18.0
Jeremy_Doku,Jérémy,Doku,75,15,3,120,MID,Man City,0,0,False,134.48650174019377,0.0,0.0,17.876587338914504,0.0,0.0,0.0,0.0,0.0,17.876587338914504,0.0,0.0,0.0,0.0,0.0,0.0,0.0,0.0,0.0,1,41.0
Declan_Rice,Declan,Rice,75,1,3,184,MID,Arsenal,0,0,False,134.48650174019377,0.0,17.876587338914504,0.0,0.0,0.0,0.0,0.0,17.876587338914504,0.0,0.0,0.0,0.0,0.0,0.0,0.0,0.0,0.0,0.0,8,13.0
Morgan_Rogers,Morgan,Rogers,75,6,3,169,MID,Chelsea,0,0,False,134.48650174019377,17.876587338914504,0.0,0.0,0.0,0.0,0.0,17.876587338914504,0.0,0.0,0.0,0.0,0.0,0.0,0.0,0.0,0.0,0.0,0.0,4,17.0
Enzo_Fernandez,Enzo,Fernández,70,6,3,157,MID,Chelsea,0,0,False,116.60991440127928,0.0,0.0,0.0,0.0,0.0,17.876587338914504,0.0,0.0,0.0,0.0,0.0,0.0,0.0,0.0,0.0,0.0,0.0,0.0,10,50.0
Bruno_Guimaraes_Rodriguez_Moura,Bruno,Guimarães Rodriguez Moura,70,1,3,154,MID,Arsenal,0,0,False,116.60991440127928,0.0,0.0,0.0,0.0,17.876587338914504,0.0,0.0,0.0,0.0,0.0,0.0,0.0,0.0,0.0,0.0,0.0,0.0,0.0,9,49.0
Cody_Gakpo,Cody,Gakpo,70,14,3,131,MID,Liverpool,0,0,False,116.60991440127928,0.0,0.0,0.0,17.876587338914504,0.0,0.0,0.0,0.0,0.0,0.0,0.0,0.0,0.0,0.0,0.0,0.0,0.0,0.0,3,43.0
Marcus_Rashford,Marcus,Rashford,70,16,3,0,MID,Man Utd,0,0,False,116.60991440127928,0.0,0.0,17.876587338914504,0.0,0.0,0.0,0.0,0.0,0.0,0.0,0.0,0.0,0.0,0.0,0.0,0.0,0.0,0.0,5,45.0
Phil_Foden,Phil,Foden,70,15,3,131,MID,Man City,0,0,False,116.60991440127928,0.0,17.876587338914504,0.0,0.0,0.0,0.0,0.0,0.0,0.0,0.0,0.0,0.0,0.0,0.0,0.0,0.0,0.0,0.0,2,42.0
Dominik_Szoboszlai,Dominik,Szoboszlai,70,14,3,160,MID,Liverpool,0,0,False,116.60991440127928,17.876587338914504,0.0,0.0,0.0,0.0,0.0,0.0,0.0,0.0,0.0,0.0,0.0,0.0,0.0,0.0,0.0,0.0,0.0,1,20.0
Jack_Grealish,Jack,Grealish,65,15,3,79,MID,Man City,0,0,False,98.73332706236476,0.0,0.0,0.0,0.0,0.0,0.0,0.0,0.0,0.0,0.0,0.0,0.0,0.0,0.0,0.0,0.0,0.0,0.0,3,98.0
Ismaila_Sarr,Ismaïla,Sarr,65,8,3,117,MID,Crystal Palace,0,0,False,98.73332706236476,0.0,0.0,0.0,0.0,0.0,0.0,0.0,0.0,0.0,0.0,0.0,0.0,0.0,0.0,0.0,0.0,0.0,0.0,1,100.0
Kiernan_Dewsbury_Hall,Kiernan,Dewsbury-Hall,65,9,3,151,MID,Everton,0,0,False,98.73332706236476,0.0,0.0,0.0,0.0,0.0,0.0,0.0,0.0,0.0,0.0,0.0,0.0,0.0,0.0,0.0,0.0,0.0,17.876587338914504,7,107.0
Savio_Moreira_de_Oliveira,Sávio,Moreira de Oliveira,65,15,3,43,MID,Man City,0,0,False,98.73332706236476,0.0,0.0,0.0,0.0,0.0,0.0,0.0,0.0,0.0,0.0,0.0,0.0,0.0,0.0,0.0,0.0,17.876587338914504,0.0,6,106.0
Gabriel_Martinelli_Silva,Gabriel,Martinelli Silva,65,1,3,57,MID,Arsenal,0,0,False,98.73332706236476,0.0,0.0,0.0,0.0,0.0,0.0,0.0,0.0,0.0,0.0,0.0,0.0,0.0,0.0,0.0,17.876587338914504,0.0,0.0,3,103.0
Rayan_Vitor_Simplicio_Rocha,Rayan Vitor,Simplício Rocha,65,3,3,67,MID,Bournemouth,0,0,False,98.73332706236476,0.0,0.0,0.0,0.0,0.0,0.0,0.0,0.0,0.0,0.0,0.0,0.0,0.0,0.0,17.876587338914504,0.0,0.0,0.0,9,72.0
Martin_Odegaard,Martin,Ødegaard,65,1,3,74,MID,Arsenal,0,0,False,98.73332706236476,0.0,0.0,0.0,0.0,0.0,0.0,0.0,0.0,0.0,0.0,0.0,0.0,0.0,17.876587338914504,0.0,0.0,0.0,0.0,5,85.0
Dango_Ouattara,Dango,Ouattara,65,4,3,136,MID,Brentford,0,0,False,98.73332706236476,0.0,0.0,0.0,0.0,0.0,0.0,0.0,0.0,0.0,0.0,0.0,0.0,17.876587338914504,0.0,0.0,0.0,0.0,0.0,8,93.0
Estevao_Almeida_de_Oliveira_Goncalves,Estêvão,Almeida de Oliveira Gonçalves,65,6,3,58,MID,Chelsea,0,0,False,98.73332706236476,0.0,0.0,0.0,0.0,0.0,0.0,0.0,0.0,0.0,0.0,0.0,17.876587338914504,0.0,0.0,0.0,0.0,0.0,0.0,5,96.0
Pedro_Lomba_Neto,Pedro,Lomba Neto,65,6,3,125,MID,Chelsea,0,0,False,98.73332706236476,0.0,0.0,0.0,0.0,0.0,0.0,0.0,0.0,0.0,0.0,17.876587338914504,0.0,0.0,0.0,0.0,0.0,0.0,0.0,6,95.0
Noni_Madueke,Noni,Madueke,65,1,3,72,MID,Arsenal,0,0,False,98.73332706236476,0.0,0.0,0.0,0.0,0.0,0.0,0.0,0.0,0.0,17.876587338914504,0.0,0.0,0.0,0.0,0.0,0.0,0.0,0.0,4,64.0
Christos_Tzolis,Christos,Tzolis,65,1,3,0,MID,Arsenal,0,0,False,98.73332706236476,0.0,0.0,0.0,0.0,0.0,0.0,0.0,0.0,17.876587338914504,0.0,0.0,0.0,0.0,0.0,0.0,0.0,0.0,0.0,7,87.0
Eberechi_Eze,Eberechi,Eze,65,1,3,113,MID,Arsenal,0,0,False,98.73332706236476,0.0,0.0,0.0,0.0,0.0,0.0,0.0,17.876587338914504,0.0,0.0,0.0,0.0,0.0,0.0,0.0,0.0,0.0,0.0,10,91.0
Harry_Wilson,Harry,Wilson,65,13,3,168,MID,Leeds,0,0,False,98.73332706236476,0.0,0.0,0.0,0.0,0.0,0.0,17.876587338914504,0.0,0.0,0.0,0.0,0.0,0.0,0.0,0.0,0.0,0.0,0.0,4,84.0
Rodrigo_'Rodri'_Hernandez_Cascante,Rodrigo 'Rodri',Hernandez Cascante,65,15,3,69,MID,Man City,0,0,False,98.73332706236476,0.0,0.0,0.0,0.0,0.0,17.876587338914504,0.0,0.0,0.0,0.0,0.0,0.0,0.0,0.0,0.0,0.0,0.0,0.0,10,71.0
Mohammed_Kudus,Mohammed,Kudus,65,19,3,75,MID,Spurs,0,0,False,98.73332706236476,0.0,0.0,0.0,0.0,17.876587338914504,0.0,0.0,0.0,0.0,0.0,0.0,0.0,0.0,0.0,0.0,0.0,0.0,0.0,10,90.0
Dejan_Kulusevski,Dejan,Kulusevski,65,19,3,0,MID,Spurs,0,0,False,98.73332706236476,0.0,0.0,0.0,17.876587338914504,0.0,0.0,0.0,0.0,0.0,0.0,0.0,0.0,0.0,0.0,0.0,0.0,0.0,0.0,2,82.0
Victor_Munoz,Victor,Munoz,65,14,3,0,MID,Liverpool,0,0,False,98.73332706236476,0.0,0.0,17.876587338914504,0.0,0.0,0.0,0.0,0.0,0.0,0.0,0.0,0.0,0.0,0.0,0.0,0.0,0.0,0.0,7,94.0
Elliot_Anderson,Elliot,Anderson,65,15,3,180,MID,Man City,0,0,False,98.73332706236476,0.0,17.876587338914504,0.0,0.0,0.0,0.0,0.0,0.0,0.0,0.0,0.0,0.0,0.0,0.0,0.0,0.0,0.0,0.0,9,89.0
James_Maddison,James,Maddison,65,19,3,3,MID,Spurs,0,0,False,98.73332706236476,17.876587338914504,0.0,0.0,0.0,0.0,0.0,0.0,0.0,0.0,0.0,0.0,0.0,0.0,0.0,0.0,0.0,0.0,0.0,4,77.0
Anton_Stach,Anton,Stach,60,13,3,137,MID,Leeds,0,0,True,80.85673972345026,0.0,0.0,0.0,0.0,0.0,0.0,0.0,0.0,0.0,0.0,0.0,0.0,0.0,0.0,0.0,0.0,0.0,0.0,,
Callum_Hudson_Odoi,Callum,Hudson-Odoi,60,18,3,88,MID,Nott'm Forest,0,0,True,80.85673972345026,0.0,0.0,0.0,0.0,0.0,0.0,0.0,0.0,0.0,0.0,0.0,0.0,0.0,0.0,0.0,0.0,0.0,0.0,,
Anthony_Elanga,Anthony,Elanga,60,17,3,48,MID,Newcastle,0,0,True,80.85673972345026,0.0,0.0,0.0,0.0,0.0,0.0,0.0,0.0,0.0,0.0,0.0,0.0,0.0,0.0,0.0,0.0,0.0,0.0,,
Bazoumana_Toure,Bazoumana,Touré,60,17,3,0,MID,Newcastle,0,0,True,80.85673972345026,0.0,0.0,0.0,0.0,0.0,0.0,0.0,0.0,0.0,0.0,0.0,0.0,0.0,0.0,0.0,0.0,0.0,0.0,,
Rio_Ngumoha,Rio,Ngumoha,60,14,3,43,MID,Liverpool,0,0,True,80.85673972345026,0.0,0.0,0.0,0.0,0.0,0.0,0.0,0.0,0.0,0.0,0.0,0.0,0.0,0.0,0.0,0.0,0.0,0.0,,
Harvey_Barnes,Harvey,Barnes,60,17,3,106,MID,Newcastle,0,0,True,80.85673972345026,0.0,0.0,0.0,0.0,0.0,0.0,0.0,0.0,0.0,0.0,0.0,0.0,0.0,0.0,0.0,0.0,0.0,0.0,,
Jacob_Murphy,Jacob,Murphy,60,17,3,82,MID,Newcastle,0,0,True,80.85673972345026,0.0,0.0,0.0,0.0,0.0,0.0,0.0,0.0,0.0,0.0,0.0,0.0,0.0,0.0,0.0,0.0,0.0,0.0,,
Patrick_Dorgu,Patrick,Dorgu,60,16,3,95,MID,Man Utd,0,0,True,80.85673972345026,0.0,0.0,0.0,0.0,0.0,0.0,0.0,0.0,0.0,0.0,0.0,0.0,0.0,0.0,0.0,0.0,0.0,0.0,,
Tijjani_Reijnders,Tijjani,Reijnders,60,15,3,92,MID,Man City,0,0,False,80.85673972345026,0.0,0.0,0.0,0.0,0.0,0.0,0.0,0.0,0.0,0.0,0.0,0.0,0.0,0.0,0.0,0.0,0.0,0.0,7,147.0
James_Garner,James,Garner,60,9,3,159,MID,Everton,0,0,True,80.85673972345026,0.0,0.0,0.0,0.0,0.0,0.0,0.0,0.0,0.0,0.0,0.0,0.0,0.0,0.0,0.0,0.0,0.0,0.0,,
Jamie_Bynoe_Gittens,Jamie,Bynoe-Gittens,60,6,3,25,MID,Chelsea,0,0,True,80.85673972345026,0.0,0.0,0.0,0.0,0.0,0.0,0.0,0.0,0.0,0.0,0.0,0.0,0.0,0.0,0.0,0.0,0.0,0.0,,
Mitoma_Kaoru,Mitoma,Kaoru,60,5,3,62,MID,Brighton,0,0,True,80.85673972345026,0.0,0.0,0.0,0.0,0.0,0.0,0.0,0.0,0.0,0.0,0.0,0.0,0.0,0.0,0.0,0.0,0.0,0.0,,
Kevin_Schade,Kevin,Schade,60,4,3,125,MID,Brentford,0,0,False,80.85673972345026,0.0,0.0,0.0,0.0,0.0,0.0,0.0,0.0,0.0,0.0,0.0,0.0,0.0,0.0,0.0,0.0,0.0,0.0,1,140.0
Justin_Kluivert,Justin,Kluivert,60,3,3,41,MID,Bournemouth,0,0,True,80.85673972345026,0.0,0.0,0.0,0.0,0.0,0.0,0.0,0.0,0.0,0.0,0.0,0.0,0.0,0.0,0.0,0.0,0.0,0.0,,
Alex_Scott,Alex,Scott,60,3,3,136,MID,Bournemouth,0,0,False,80.85673972345026,0.0,0.0,0.0,0.0,0.0,0.0,0.0,0.0,0.0,0.0,0.0,0.0,0.0,0.0,0.0,0.0,0.0,0.0,6,135.0
Jack_Hinshelwood,Jack,Hinshelwood,60,5,3,91,MID,Brighton,0,0,False,80.85673972345026,0.0,0.0,0.0,0.0,0.0,0.0,0.0,0.0,0.0,0.0,0.0,0.0,0.0,0.0,0.0,0.0,0.0,17.876587338914476,1,141.0
Iliman_Ndiaye,Iliman,Ndiaye,60,9,3,128,MID,Everton,0,0,True,80.85673972345026,0.0,0.0,0.0,0.0,0.0,0.0,0.0,0.0,0.0,0.0,0.0,0.0,0.0,0.0,0.0,0.0,17.876587338914476,0.0,,
Brennan_Johnson,Brennan,Johnson,60,8,3,65,MID,Crystal Palace,0,0,True,80.85673972345026,0.0,0.0,0.0,0.0,0.0,0.0,0.0,0.0,0.0,0.0,0.0,0.0,0.0,0.0,0.0,17.876587338914476,0.0,0.0,,
Yankuba_Minteh,Yankuba,Minteh,60,5,3,117,MID,Brighton,0,0,False,80.85673972345026,0.0,0.0,0.0,0.0,0.0,0.0,0.0,0.0,0.0,0.0,0.0,0.0,0.0,0.0,17.876587338914476,0.0,0.0,0.0,2,122.0
Jaidon_Anthony,Jaidon,Anthony,60,4,3,0,MID,Brentford,0,0,False,80.85673972345026,0.0,0.0,0.0,0.0,0.0,0.0,0.0,0.0,0.0,0.0,0.0,0.0,0.0,17.876587338914476,0.0,0.0,0.0,0.0,6,126.0
Mikel_Merino_Zazon,Mikel,Merino Zazón,60,1,3,67,MID,Arsenal,0,0,True,80.85673972345026,0.0,0.0,0.0,0.0,0.0,0.0,0.0,0.0,0.0,0.0,0.0,0.0,17.876587338914476,0.0,0.0,0.0,0.0,0.0,,
Alejandro_Garnacho_Ferreyra,Alejandro,Garnacho Ferreyra,60,2,3,56,MID,Aston Villa,0,0,True,80.85673972345026,0.0,0.0,0.0,0.0,0.0,0.0,0.0,0.0,0.0,0.0,0.0,17.876587338914476,0.0,0.0,0.0,0.0,0.0,0.0,,
Marcus_Tavernier,Marcus,Tavernier,60,3,3,137,MID,Bournemouth,0,0,True,80.85673972345026,0.0,0.0,0.0,0.0,0.0,0.0,0.0,0.0,0.0,0.0,17.876587338914476,0.0,0.0,0.0,0.0,0.0,0.0,0.0,,
Emiliano_Buendia_Stati,Emiliano,Buendía Stati,60,2,3,102,MID,Aston Villa,0,0,False,80.85673972345026,0.0,0.0,0.0,0.0,0.0,0.0,0.0,0.0,0.0,17.876587338914476,0.0,0.0,0.0,0.0,0.0,0.0,0.0,0.0,8,108.0
Johan_Manzambi,Johan,Manzambi,60,2,3,0,MID,Aston Villa,0,0,True,80.85673972345026,0.0,0.0,0.0,0.0,0.0,0.0,0.0,0.0,17.876587338914476,0.0,0.0,0.0,0.0,0.0,0.0,0.0,0.0,0.0,,
Ryan_Gravenberch,Ryan,Gravenberch,60,14,3,144,MID,Liverpool,0,0,False,80.85673972345026,0.0,0.0,0.0,0.0,0.0,0.0,0.0,17.876587338914476,0.0,0.0,0.0,0.0,0.0,0.0,0.0,0.0,0.0,0.0,9,112.0
Noah_Okafor,Noah,Okafor,60,13,3,109,MID,Leeds,0,0,False,80.85673972345026,0.0,0.0,0.0,0.0,0.0,0.0,17.876587338914476,0.0,0.0,0.0,0.0,0.0,0.0,0.0,0.0,0.0,0.0,0.0,8,113.0
Mathys_Tel,Mathys,Tel,60,19,3,78,MID,Spurs,0,0,True,80.85673972345026,0.0,0.0,0.0,0.0,0.0,17.876587338914476,0.0,0.0,0.0,0.0,0.0,0.0,0.0,0.0,0.0,0.0,0.0,0.0,,
Mateus_Fernandes,Mateus,Fernandes,60,19,3,135,MID,Spurs,0,0,True,80.85673972345026,0.0,0.0,0.0,0.0,17.876587338914476,0.0,0.0,0.0,0.0,0.0,0.0,0.0,0.0,0.0,0.0,0.0,0.0,0.0,,
Youri_Tielemans,Youri,Tielemans,60,16,3,68,MID,Man Utd,0,0,False,80.85673972345026,0.0,0.0,0.0,17.876587338914476,0.0,0.0,0.0,0.0,0.0,0.0,0.0,0.0,0.0,0.0,0.0,0.0,0.0,0.0,3,118.0
Xavi_Simons,Xavi,Simons,60,19,3,80,MID,Spurs,0,0,True,0.0,0.0,0.0,0.0,0.0,0.0,0.0,0.0,0.0,0.0,0.0,0.0,0.0,0.0,0.0,0.0,0.0,0.0,0.0,,
Enzo_Le_Fee,Enzo,Le Fée,60,20,3,147,MID,Sunderland,0,0,False,80.85673972345026,0.0,17.876587338914476,0.0,0.0,0.0,0.0,0.0,0.0,0.0,0.0,0.0,0.0,0.0,0.0,0.0,0.0,0.0,0.0,7,114.0
Amad_Diallo,Amad,Diallo,60,16,3,91,MID,Man Utd,0,0,False,80.85673972345026,17.876587338914476,0.0,0.0,0.0,0.0,0.0,0.0,0.0,0.0,0.0,0.0,0.0,0.0,0.0,0.0,0.0,0.0,0.0,5,116.0
Brenden_Aaronson,Brenden,Aaronson,55,13,3,126,MID,Leeds,0,0,True,62.980152384535785,0.0,0.0,0.0,0.0,0.0,0.0,0.0,0.0,0.0,0.0,0.0,0.0,0.0,0.0,0.0,0.0,0.0,0.0,,
Abdul_Fatawu,Abdul,Fatawu,55,12,3,0,MID,Ipswich Town,0,0,True,62.980152384535785,0.0,0.0,0.0,0.0,0.0,0.0,0.0,0.0,0.0,0.0,0.0,0.0,0.0,0.0,0.0,0.0,0.0,0.0,,
Geovany_Quenda,Geovany,Quenda,55,6,3,0,MID,Chelsea,0,0,True,62.980152384535785,0.0,0.0,0.0,0.0,0.0,0.0,0.0,0.0,0.0,0.0,0.0,0.0,0.0,0.0,0.0,0.0,0.0,0.0,,
Tyrique_George,Tyrique,George,55,9,3,16,MID,Everton,0,0,True,62.980152384535785,0.0,0.0,0.0,0.0,0.0,0.0,0.0,0.0,0.0,0.0,0.0,0.0,0.0,0.0,0.0,0.0,0.0,0.0,,
Moises_Caicedo_Corozo,Moisés,Caicedo Corozo,55,6,3,110,MID,Chelsea,0,0,True,62.980152384535785,0.0,0.0,0.0,0.0,0.0,0.0,0.0,0.0,0.0,0.0,0.0,0.0,0.0,0.0,0.0,0.0,0.0,0.0,,
Nico_Gonzalez_Iglesias,Nico,González Iglesias,55,15,3,63,MID,Man City,0,0,True,62.980152384535785,0.0,0.0,0.0,0.0,0.0,0.0,0.0,0.0,0.0,0.0,0.0,0.0,0.0,0.0,0.0,0.0,0.0,0.0,,
Harvey_Elliott,Harvey,Elliott,55,14,3,5,MID,Liverpool,0,0,True,62.980152384535785,0.0,0.0,0.0,0.0,0.0,0.0,0.0,0.0,0.0,0.0,0.0,0.0,0.0,0.0,0.0,0.0,0.0,0.0,,
Ethan_Ampadu,Ethan,Ampadu,55,13,3,134,MID,Leeds,0,0,True,62.980152384535785,0.0,0.0,0.0,0.0,0.0,0.0,0.0,0.0,0.0,0.0,0.0,0.0,0.0,0.0,0.0,0.0,0.0,0.0,,
Omari_Hutchinson,Omari,Hutchinson,55,18,3,82,MID,Nott'm Forest,0,0,True,62.980152384535785,0.0,0.0,0.0,0.0,0.0,0.0,0.0,0.0,0.0,0.0,0.0,0.0,0.0,0.0,0.0,0.0,0.0,0.0,,
Joelinton_Cassio_Apolinario_de_Lira,Joelinton Cássio,Apolinário de Lira,55,17,3,73,MID,Newcastle,0,0,True,62.980152384535785,0.0,0.0,0.0,0.0,0.0,0.0,0.0,0.0,0.0,0.0,0.0,0.0,0.0,0.0,0.0,0.0,0.0,0.0,,
Lewis_Miley,Lewis,Miley,55,17,3,72,MID,Newcastle,0,0,True,62.980152384535785,0.0,0.0,0.0,0.0,0.0,0.0,0.0,0.0,0.0,0.0,0.0,0.0,0.0,0.0,0.0,0.0,0.0,0.0,,
Lucas_Bergvall,Lucas,Bergvall,55,19,3,49,MID,Spurs,0,0,True,62.980152384535785,0.0,0.0,0.0,0.0,0.0,0.0,0.0,0.0,0.0,0.0,0.0,0.0,0.0,0.0,0.0,0.0,0.0,0.0,,
Habib_Diarra,Habib,Diarra,55,20,3,65,MID,Sunderland,0,0,True,62.980152384535785,0.0,0.0,0.0,0.0,0.0,0.0,0.0,0.0,0.0,0.0,0.0,0.0,0.0,0.0,0.0,0.0,0.0,0.0,,
Dan_Ndoye,Dan,Ndoye,55,18,3,50,MID,Nott'm Forest,0,0,True,62.980152384535785,0.0,0.0,0.0,0.0,0.0,0.0,0.0,0.0,0.0,0.0,0.0,0.0,0.0,0.0,0.0,0.0,0.0,0.0,,
Wilson_Odobert,Wilson,Odobert,55,19,3,46,MID,Spurs,0,0,True,0.0,0.0,0.0,0.0,0.0,0.0,0.0,0.0,0.0,0.0,0.0,0.0,0.0,0.0,0.0,0.0,0.0,0.0,0.0,,
Rodrigo_Bentancur,Rodrigo,Bentancur,55,19,3,86,MID,Spurs,0,0,True,62.980152384535785,0.0,0.0,0.0,0.0,0.0,0.0,0.0,0.0,0.0,0.0,0.0,0.0,0.0,0.0,0.0,0.0,0.0,0.0,,
Kobbie_Mainoo,Kobbie,Mainoo,55,16,3,73,MID,Man Utd,0,0,True,62.980152384535785,0.0,0.0,0.0,0.0,0.0,0.0,0.0,0.0,0.0,0.0,0.0,0.0,0.0,0.0,0.0,0.0,0.0,0.0,,
Conor_Gallagher,Conor,Gallagher,55,19,3,44,MID,Spurs,0,0,True,62.980152384535785,0.0,0.0,0.0,0.0,0.0,0.0,0.0,0.0,0.0,0.0,0.0,0.0,0.0,0.0,0.0,0.0,0.0,0.0,,
Jaden_Philogene,Jaden,Philogene,55,12,3,0,MID,Ipswich Town,0,0,True,62.980152384535785,0.0,0.0,0.0,0.0,0.0,0.0,0.0,0.0,0.0,0.0,0.0,0.0,0.0,0.0,0.0,0.0,0.0,0.0,,
Jack_Clarke,Jack,Clarke,55,12,3,0,MID,Ipswich Town,0,0,True,62.980152384535785,0.0,0.0,0.0,0.0,0.0,0.0,0.0,0.0,0.0,0.0,0.0,0.0,0.0,0.0,0.0,0.0,0.0,0.0,,
Daizen_Maeda,Daizen,Maeda,55,12,3,0,MID,Ipswich Town,0,0,True,62.980152384535785,0.0,0.0,0.0,0.0,0.0,0.0,0.0,0.0,0.0,0.0,0.0,0.0,0.0,0.0,0.0,0.0,0.0,0.0,,
Federico_Chiesa,Federico,Chiesa,55,14,3,37,MID,Liverpool,0,0,True,62.980152384535785,0.0,0.0,0.0,0.0,0.0,0.0,0.0,0.0,0.0,0.0,0.0,0.0,0.0,0.0,0.0,0.0,0.0,0.0,,
Alexis_Mac_Allister,Alexis,Mac Allister,55,14,3,108,MID,Liverpool,0,0,True,0.0,0.0,0.0,0.0,0.0,0.0,0.0,0.0,0.0,0.0,0.0,0.0,0.0,0.0,0.0,0.0,0.0,0.0,0.0,,
Mason_Mount,Mason,Mount,55,16,3,58,MID,Man Utd,0,0,True,62.980152384535785,0.0,0.0,0.0,0.0,0.0,0.0,0.0,0.0,0.0,0.0,0.0,0.0,0.0,0.0,0.0,0.0,0.0,0.0,,
Dwight_McNeil,Dwight,McNeil,55,9,3,53,MID,Everton,0,0,True,62.980152384535785,0.0,0.0,0.0,0.0,0.0,0.0,0.0,0.0,0.0,0.0,0.0,0.0,0.0,0.0,0.0,0.0,0.0,0.0,,
Ephron_Mason_Clark,Ephron,Mason-Clark,55,7,3,0,MID,Coventry City,0,0,True,62.980152384535785,0.0,0.0,0.0,0.0,0.0,0.0,0.0,0.0,0.0,0.0,0.0,0.0,0.0,0.0,0.0,0.0,0.0,0.0,,
John_McGinn,John,McGinn,55,2,3,103,MID,Aston Villa,0,0,True,62.980152384535785,0.0,0.0,0.0,0.0,0.0,0.0,0.0,0.0,0.0,0.0,0.0,0.0,0.0,0.0,0.0,0.0,0.0,0.0,,
Yasin_Ayari,Yasin,Ayari,55,5,3,98,MID,Brighton,0,0,True,62.980152384535785,0.0,0.0,0.0,0.0,0.0,0.0,0.0,0.0,0.0,0.0,0.0,0.0,0.0,0.0,0.0,0.0,0.0,0.0,,
Mamadou_Sangare,Mamadou,Sangaré,55,4,3,0,MID,Brentford,0,0,True,62.980152384535785,0.0,0.0,0.0,0.0,0.0,0.0,0.0,0.0,0.0,0.0,0.0,0.0,0.0,0.0,0.0,0.0,0.0,0.0,,
Pascal_Gross,Pascal,Groß,55,5,3,78,MID,Brighton,0,0,True,62.980152384535785,0.0,0.0,0.0,0.0,0.0,0.0,0.0,0.0,0.0,0.0,0.0,0.0,0.0,0.0,0.0,0.0,0.0,0.0,,
Matt_O'Riley,Matt,O'Riley,55,5,3,16,MID,Brighton,0,0,True,62.980152384535785,0.0,0.0,0.0,0.0,0.0,0.0,0.0,0.0,0.0,0.0,0.0,0.0,0.0,0.0,0.0,0.0,0.0,0.0,,
Mathias_Jensen,Mathias,Jensen,55,4,3,98,MID,Brentford,0,0,True,62.980152384535785,0.0,0.0,0.0,0.0,0.0,0.0,0.0,0.0,0.0,0.0,0.0,0.0,0.0,0.0,0.0,0.0,0.0,0.0,,
Josh_King,Josh,King,55,10,3,63,MID,Fulham,0,0,True,62.980152384535785,0.0,0.0,0.0,0.0,0.0,0.0,0.0,0.0,0.0,0.0,0.0,0.0,0.0,0.0,0.0,0.0,0.0,0.0,,
Cesar_Palacios,César,Palacios,55,10,3,0,MID,Fulham,0,0,True,62.980152384535785,0.0,0.0,0.0,0.0,0.0,0.0,0.0,0.0,0.0,0.0,0.0,0.0,0.0,0.0,0.0,0.0,0.0,0.0,,
Oscar_Bobb,Oscar,Bobb,55,10,3,42,MID,Fulham,0,0,True,62.980152384535785,0.0,0.0,0.0,0.0,0.0,0.0,0.0,0.0,0.0,0.0,0.0,0.0,0.0,0.0,0.0,0.0,0.0,0.0,,
Kevin_Santos_Lopes_de_Macedo,Kevin,Santos Lopes de Macedo,55,10,3,49,MID,Fulham,0,0,True,62.980152384535785,0.0,0.0,0.0,0.0,0.0,0.0,0.0,0.0,0.0,0.0,0.0,0.0,0.0,0.0,0.0,0.0,0.0,0.0,,
Alex_Iwobi,Alex,Iwobi,55,10,3,103,MID,Fulham,0,0,True,62.980152384535785,0.0,0.0,0.0,0.0,0.0,0.0,0.0,0.0,0.0,0.0,0.0,0.0,0.0,0.0,0.0,0.0,0.0,0.0,,
Emile_Smith_Rowe,Emile,Smith Rowe,55,10,3,80,MID,Fulham,0,0,True,62.980152384535785,0.0,0.0,0.0,0.0,0.0,0.0,0.0,0.0,0.0,0.0,0.0,0.0,0.0,0.0,0.0,0.0,0.0,0.0,,
Hayden_Hackney,Hayden,Hackney,55,9,3,0,MID,Everton,0,0,True,62.980152384535785,0.0,0.0,0.0,0.0,0.0,0.0,0.0,0.0,0.0,0.0,0.0,0.0,0.0,0.0,0.0,0.0,0.0,0.0,,
Tyler_Dibling,Tyler,Dibling,55,9,3,18,MID,Everton,0,0,True,62.980152384535785,0.0,0.0,0.0,0.0,0.0,0.0,0.0,0.0,0.0,0.0,0.0,0.0,0.0,0.0,0.0,0.0,0.0,0.0,,
Yeremy_Pino_Santos,Yéremy,Pino Santos,55,8,3,77,MID,Crystal Palace,0,0,True,62.980152384535785,0.0,0.0,0.0,0.0,0.0,0.0,0.0,0.0,0.0,0.0,0.0,0.0,0.0,0.0,0.0,0.0,0.0,0.0,,
Adam_Wharton,Adam,Wharton,55,8,3,112,MID,Crystal Palace,0,0,True,0.0,0.0,0.0,0.0,0.0,0.0,0.0,0.0,0.0,0.0,0.0,0.0,0.0,0.0,0.0,0.0,0.0,0.0,0.0,,
Loum_Tchaouna,Loum,Tchaouna,55,7,3,0,MID,Coventry City,0,0,True,62.980152384535785,0.0,0.0,0.0,0.0,0.0,0.0,0.0,0.0,0.0,0.0,0.0,0.0,0.0,0.0,0.0,0.0,0.0,0.0,,
Victor_Torp,Victor,Torp,55,7,3,0,MID,Coventry City,0,0,True,62.980152384535785,0.0,0.0,0.0,0.0,0.0,0.0,0.0,0.0,0.0,0.0,0.0,0.0,0.0,0.0,0.0,0.0,0.0,0.0,,
Valentin_Barco,Valentín,Barco,55,6,3,0,MID,Chelsea,0,0,True,62.980152384535785,0.0,0.0,0.0,0.0,0.0,0.0,0.0,0.0,0.0,0.0,0.0,0.0,0.0,0.0,0.0,0.0,0.0,0.0,,
Keane_Lewis_Potter,Keane,Lewis-Potter,55,4,3,115,MID,Brentford,0,0,True,62.980152384535785,0.0,0.0,0.0,0.0,0.0,0.0,0.0,0.0,0.0,0.0,0.0,0.0,0.0,0.0,0.0,0.0,0.0,17.876587338914504,,
Mikkel_Damsgaard,Mikkel,Damsgaard,55,4,3,113,MID,Brentford,0,0,True,62.980152384535785,0.0,0.0,0.0,0.0,0.0,0.0,0.0,0.0,0.0,0.0,0.0,0.0,0.0,0.0,0.0,0.0,17.876587338914504,0.0,,
Leon_Bailey,Leon,Bailey,55,2,3,21,MID,Aston Villa,0,0,True,62.980152384535785,0.0,0.0,0.0,0.0,0.0,0.0,0.0,0.0,0.0,0.0,0.0,0.0,0.0,0.0,0.0,17.876587338914504,0.0,0.0,,
Joao_Gomes,Joao,Gomes,55,2,3,85,MID,Aston Villa,0,0,True,62.980152384535785,0.0,0.0,0.0,0.0,0.0,0.0,0.0,0.0,0.0,0.0,0.0,0.0,0.0,0.0,17.876587338914504,0.0,0.0,0.0,,
Reiss_Nelson,Reiss,Nelson,55,1,3,13,MID,Arsenal,0,0,True,62.980152384535785,0.0,0.0,0.0,0.0,0.0,0.0,0.0,0.0,0.0,0.0,0.0,0.0,0.0,17.876587338914504,0.0,0.0,0.0,0.0,,
Ethan_Nwaneri,Ethan,Nwaneri,55,1,3,8,MID,Arsenal,0,0,True,62.980152384535785,0.0,0.0,0.0,0.0,0.0,0.0,0.0,0.0,0.0,0.0,0.0,0.0,17.876587338914504,0.0,0.0,0.0,0.0,0.0,,
Fabio_Ferreira_Vieira,Fábio,Ferreira Vieira,55,1,3,0,MID,Arsenal,0,0,True,62.980152384535785,0.0,0.0,0.0,0.0,0.0,0.0,0.0,0.0,0.0,0.0,0.0,17.876587338914504,0.0,0.0,0.0,0.0,0.0,0.0,,
Max_Dowman,Max,Dowman,55,1,3,16,MID,Arsenal,0,0,True,62.980152384535785,0.0,0.0,0.0,0.0,0.0,0.0,0.0,0.0,0.0,0.0,17.876587338914504,0.0,0.0,0.0,0.0,0.0,0.0,0.0,,
Evann_Guessand,Evann,Guessand,55,2,3,44,MID,Aston Villa,0,0,True,62.980152384535785,0.0,0.0,0.0,0.0,0.0,0.0,0.0,0.0,0.0,17.876587338914504,0.0,0.0,0.0,0.0,0.0,0.0,0.0,0.0,,
Martin_Zubimendi_Ibanez,Martín,Zubimendi Ibáñez,55,1,3,133,MID,Arsenal,0,0,True,62.980152384535785,0.0,0.0,0.0,0.0,0.0,0.0,0.0,0.0,17.876587338914504,0.0,0.0,0.0,0.0,0.0,0.0,0.0,0.0,0.0,,
Myles_Lewis_Skelly,Myles,Lewis-Skelly,55,1,3,29,MID,Arsenal,0,0,True,62.980152384535785,0.0,0.0,0.0,0.0,0.0,0.0,0.0,17.876587338914504,0.0,0.0,0.0,0.0,0.0,0.0,0.0,0.0,0.0,0.0,,
Dilane_Bakwa,Dilane,Bakwa,55,18,3,26,MID,Nott'm Forest,0,0,True,62.980152384535785,0.0,0.0,0.0,0.0,0.0,0.0,17.876587338914504,0.0,0.0,0.0,0.0,0.0,0.0,0.0,0.0,0.0,0.0,0.0,,
Sandro_Tonali,Sandro,Tonali,55,19,3,81,MID,Spurs,0,0,True,62.980152384535785,0.0,0.0,0.0,0.0,0.0,17.876587338914504,0.0,0.0,0.0,0.0,0.0,0.0,0.0,0.0,0.0,0.0,0.0,0.0,,
Granit_Xhaka,Granit,Xhaka,55,20,3,124,MID,Sunderland,0,0,True,62.980152384535785,0.0,0.0,0.0,0.0,17.876587338914504,0.0,0.0,0.0,0.0,0.0,0.0,0.0,0.0,0.0,0.0,0.0,0.0,0.0,,
Curtis_Jones,Curtis,Jones,55,14,3,81,MID,Liverpool,0,0,True,62.980152384535785,0.0,0.0,0.0,17.876587338914504,0.0,0.0,0.0,0.0,0.0,0.0,0.0,0.0,0.0,0.0,0.0,0.0,0.0,0.0,,
Mateo_Kovacic,Mateo,Kovačić,55,15,3,9,MID,Man City,0,0,True,62.980152384535785,0.0,0.0,17.876587338914504,0.0,0.0,0.0,0.0,0.0,0.0,0.0,0.0,0.0,0.0,0.0,0.0,0.0,0.0,0.0,,
James_McAtee,James,McAtee,55,18,3,17,MID,Nott'm Forest,0,0,True,62.980152384535785,0.0,17.876587338914504,0.0,0.0,0.0,0.0,0.0,0.0,0.0,0.0,0.0,0.0,0.0,0.0,0.0,0.0,0.0,0.0,,
Chemsdine_Talbi,Chemsdine,Talbi,55,20,3,83,MID,Sunderland,0,0,True,62.980152384535785,17.876587338914504,0.0,0.0,0.0,0.0,0.0,0.0,0.0,0.0,0.0,0.0,0.0,0.0,0.0,0.0,0.0,0.0,0.0,,
Abdulkadir_Omur,Abdülkadir,Ömür,50,11,3,0,MID,Hull City,0,0,True,45.10356504562128,0.0,0.0,0.0,0.0,0.0,0.0,0.0,0.0,0.0,0.0,0.0,0.0,0.0,0.0,0.0,0.0,0.0,0.0,,
Tanaka_Ao,Tanaka,Ao,50,13,3,67,MID,Leeds,0,0,True,45.10356504562128,0.0,0.0,0.0,0.0,0.0,0.0,0.0,0.0,0.0,0.0,0.0,0.0,0.0,0.0,0.0,0.0,0.0,0.0,,
Kalvin_Phillips,Kalvin,Phillips,50,15,3,0,MID,Man City,0,0,True,45.10356504562128,0.0,0.0,0.0,0.0,0.0,0.0,0.0,0.0,0.0,0.0,0.0,0.0,0.0,0.0,0.0,0.0,0.0,0.0,,
Lewis_Koumas,Lewis,Koumas,50,14,3,0,MID,Liverpool,0,0,True,45.10356504562128,0.0,0.0,0.0,0.0,0.0,0.0,0.0,0.0,0.0,0.0,0.0,0.0,0.0,0.0,0.0,0.0,0.0,0.0,,
David_Akintola,David,Akintola,50,11,3,0,MID,Hull City,0,0,True,45.10356504562128,0.0,0.0,0.0,0.0,0.0,0.0,0.0,0.0,0.0,0.0,0.0,0.0,0.0,0.0,0.0,0.0,0.0,0.0,,
Abu_Kamara,Abu,Kamara,50,11,3,0,MID,Hull City,0,0,True,45.10356504562128,0.0,0.0,0.0,0.0,0.0,0.0,0.0,0.0,0.0,0.0,0.0,0.0,0.0,0.0,0.0,0.0,0.0,0.0,,
Toby_Collyer,Toby,Collyer,50,16,3,0,MID,Man Utd,0,0,True,45.10356504562128,0.0,0.0,0.0,0.0,0.0,0.0,0.0,0.0,0.0,0.0,0.0,0.0,0.0,0.0,0.0,0.0,0.0,0.0,,
Romaine_Mundle,Romaine,Mundle,50,20,3,14,MID,Sunderland,0,0,True,45.10356504562128,0.0,0.0,0.0,0.0,0.0,0.0,0.0,0.0,0.0,0.0,0.0,0.0,0.0,0.0,0.0,0.0,0.0,0.0,,
Aladji_Bamba,Aladji,Bamba,50,17,3,0,MID,Newcastle,0,0,True,45.10356504562128,0.0,0.0,0.0,0.0,0.0,0.0,0.0,0.0,0.0,0.0,0.0,0.0,0.0,0.0,0.0,0.0,0.0,0.0,,
Daichi_Kamada,Daichi,Kamada,50,8,3,67,MID,Crystal Palace,0,0,True,45.10356504562128,0.0,0.0,0.0,0.0,0.0,0.0,0.0,0.0,0.0,0.0,0.0,0.0,0.0,0.0,0.0,0.0,0.0,0.0,,
Justin_Devenny,Justin,Devenny,50,8,3,36,MID,Crystal Palace,0,0,True,45.10356504562128,0.0,0.0,0.0,0.0,0.0,0.0,0.0,0.0,0.0,0.0,0.0,0.0,0.0,0.0,0.0,0.0,0.0,0.0,,
Jefferson_Lerma_Solis,Jefferson,Lerma Solís,50,8,3,69,MID,Crystal Palace,0,0,True,45.10356504562128,0.0,0.0,0.0,0.0,0.0,0.0,0.0,0.0,0.0,0.0,0.0,0.0,0.0,0.0,0.0,0.0,0.0,0.0,,
Frank_Onyeka,Frank,Onyeka,50,7,3,12,MID,Coventry City,0,0,True,45.10356504562128,0.0,0.0,0.0,0.0,0.0,0.0,0.0,0.0,0.0,0.0,0.0,0.0,0.0,0.0,0.0,0.0,0.0,0.0,,
Tom_Watson,Tom,Watson,50,5,3,5,MID,Brighton,0,0,True,45.10356504562128,0.0,0.0,0.0,0.0,0.0,0.0,0.0,0.0,0.0,0.0,0.0,0.0,0.0,0.0,0.0,0.0,0.0,0.0,,
Zadok_Yohanna,Zadok,Yohanna,50,5,3,0,MID,Brighton,0,0,True,45.10356504562128,0.0,0.0,0.0,0.0,0.0,0.0,0.0,0.0,0.0,0.0,0.0,0.0,0.0,0.0,0.0,0.0,0.0,0.0,,
Jordan_Henderson,Jordan,Henderson,50,6,3,76,MID,Chelsea,0,0,True,0.0,0.0,0.0,0.0,0.0,0.0,0.0,0.0,0.0,0.0,0.0,0.0,0.0,0.0,0.0,0.0,0.0,0.0,0.0,,
Jack_Rudoni,Jack,Rudoni,50,7,3,0,MID,Coventry City,0,0,True,45.10356504562128,0.0,0.0,0.0,0.0,0.0,0.0,0.0,0.0,0.0,0.0,0.0,0.0,0.0,0.0,0.0,0.0,0.0,0.0,,
Matt_Grimes,Matt,Grimes,50,7,3,0,MID,Coventry City,0,0,True,45.10356504562128,0.0,0.0,0.0,0.0,0.0,0.0,0.0,0.0,0.0,0.0,0.0,0.0,0.0,0.0,0.0,0.0,0.0,0.0,,
Tatsuhiro_Sakamoto,Tatsuhiro,Sakamoto,50,7,3,0,MID,Coventry City,0,0,True,45.10356504562128,0.0,0.0,0.0,0.0,0.0,0.0,0.0,0.0,0.0,0.0,0.0,0.0,0.0,0.0,0.0,0.0,0.0,0.0,,
Cheick_Doucoure,Cheick,Doucouré,50,8,3,0,MID,Crystal Palace,0,0,True,45.10356504562128,0.0,0.0,0.0,0.0,0.0,0.0,0.0,0.0,0.0,0.0,0.0,0.0,0.0,0.0,0.0,0.0,0.0,0.0,,
Claudio_Echeverri,Claudio,Echeverri,50,15,3,0,MID,Man City,0,0,True,45.10356504562128,0.0,0.0,0.0,0.0,0.0,0.0,0.0,0.0,0.0,0.0,0.0,0.0,0.0,0.0,0.0,0.0,0.0,0.0,,
Sander_Berge,Sander,Berge,50,10,3,91,MID,Fulham,0,0,True,45.10356504562128,0.0,0.0,0.0,0.0,0.0,0.0,0.0,0.0,0.0,0.0,0.0,0.0,0.0,0.0,0.0,0.0,0.0,0.0,,
Jesurun_Rak_Sakyi,Jesurun,Rak-Sakyi,50,8,3,0,MID,Crystal Palace,0,0,True,45.10356504562128,0.0,0.0,0.0,0.0,0.0,0.0,0.0,0.0,0.0,0.0,0.0,0.0,0.0,0.0,0.0,0.0,0.0,0.0,,
Romain_Esse,Romain,Esse,50,8,3,4,MID,Crystal Palace,0,0,True,45.10356504562128,0.0,0.0,0.0,0.0,0.0,0.0,0.0,0.0,0.0,0.0,0.0,0.0,0.0,0.0,0.0,0.0,0.0,0.0,,
Mohamed_Belloumi,Mohamed,Belloumi,50,11,3,0,MID,Hull City,0,0,True,45.10356504562128,0.0,0.0,0.0,0.0,0.0,0.0,0.0,0.0,0.0,0.0,0.0,0.0,0.0,0.0,0.0,0.0,0.0,0.0,,
Josh_Eccles,Josh,Eccles,50,7,3,0,MID,Coventry City,0,0,True,45.10356504562128,0.0,0.0,0.0,0.0,0.0,0.0,0.0,0.0,0.0,0.0,0.0,0.0,0.0,0.0,0.0,0.0,0.0,0.0,,
Romeo_Lavia,Roméo,Lavia,50,6,3,13,MID,Chelsea,0,0,True,45.10356504562128,0.0,0.0,0.0,0.0,0.0,0.0,0.0,0.0,0.0,0.0,0.0,0.0,0.0,0.0,0.0,0.0,0.0,0.0,,
Caleb_Yirenkyi,Caleb,Yirenkyi,50,7,3,0,MID,Coventry City,0,0,True,45.10356504562128,0.0,0.0,0.0,0.0,0.0,0.0,0.0,0.0,0.0,0.0,0.0,0.0,0.0,0.0,0.0,0.0,0.0,0.0,,
Ben_Gannon_Doak,Ben,Gannon-Doak,50,3,3,11,MID,Bournemouth,0,0,True,45.10356504562128,0.0,0.0,0.0,0.0,0.0,0.0,0.0,0.0,0.0,0.0,0.0,0.0,0.0,0.0,0.0,0.0,0.0,0.0,,
Tyler_Adams,Tyler,Adams,50,3,3,77,MID,Bournemouth,0,0,True,45.10356504562128,0.0,0.0,0.0,0.0,0.0,0.0,0.0,0.0,0.0,0.0,0.0,0.0,0.0,0.0,0.0,0.0,0.0,0.0,,
David_Brooks,David,Brooks,50,3,3,59,MID,Bournemouth,0,0,True,45.10356504562128,0.0,0.0,0.0,0.0,0.0,0.0,0.0,0.0,0.0,0.0,0.0,0.0,0.0,0.0,0.0,0.0,0.0,0.0,,
Ryan_Christie,Ryan,Christie,50,3,3,47,MID,Bournemouth,0,0,True,45.10356504562128,0.0,0.0,0.0,0.0,0.0,0.0,0.0,0.0,0.0,0.0,0.0,0.0,0.0,0.0,0.0,0.0,0.0,0.0,,
Alex_Toth,Alex,Tóth,50,3,3,8,MID,Bournemouth,0,0,True,45.10356504562128,0.0,0.0,0.0,0.0,0.0,0.0,0.0,0.0,0.0,0.0,0.0,0.0,0.0,0.0,0.0,0.0,0.0,0.0,,
Vitaly_Janelt,Vitaly,Janelt,50,4,3,74,MID,Brentford,0,0,True,45.10356504562128,0.0,0.0,0.0,0.0,0.0,0.0,0.0,0.0,0.0,0.0,0.0,0.0,0.0,0.0,0.0,0.0,0.0,0.0,,
Amine_Adli,Amine,Adli,50,3,3,67,MID,Bournemouth,0,0,True,45.10356504562128,0.0,0.0,0.0,0.0,0.0,0.0,0.0,0.0,0.0,0.0,0.0,0.0,0.0,0.0,0.0,0.0,0.0,0.0,,
Alysson_Edward_Franco_da_Rocha_dos_Santos,Alysson Edward Franco,da Rocha dos Santos,50,2,3,3,MID,Aston Villa,0,0,True,45.10356504562128,0.0,0.0,0.0,0.0,0.0,0.0,0.0,0.0,0.0,0.0,0.0,0.0,0.0,0.0,0.0,0.0,0.0,0.0,,
Samuel_Iling_Junior,Samuel,Iling-Junior,50,2,3,0,MID,Aston Villa,0,0,True,45.10356504562128,0.0,0.0,0.0,0.0,0.0,0.0,0.0,0.0,0.0,0.0,0.0,0.0,0.0,0.0,0.0,0.0,0.0,0.0,,
Ross_Barkley,Ross,Barkley,50,2,3,56,MID,Aston Villa,0,0,True,45.10356504562128,0.0,0.0,0.0,0.0,0.0,0.0,0.0,0.0,0.0,0.0,0.0,0.0,0.0,0.0,0.0,0.0,0.0,0.0,,
Boubacar_Kamara,Boubacar,Kamara,50,2,3,61,MID,Aston Villa,0,0,True,45.10356504562128,0.0,0.0,0.0,0.0,0.0,0.0,0.0,0.0,0.0,0.0,0.0,0.0,0.0,0.0,0.0,0.0,0.0,0.0,,
Amadou_Onana,Amadou,Onana,50,2,3,76,MID,Aston Villa,0,0,True,0.0,0.0,0.0,0.0,0.0,0.0,0.0,0.0,0.0,0.0,0.0,0.0,0.0,0.0,0.0,0.0,0.0,0.0,0.0,,
Lamare_Bogarde,Lamare,Bogarde,50,2,3,40,MID,Aston Villa,0,0,True,45.10356504562128,0.0,0.0,0.0,0.0,0.0,0.0,0.0,0.0,0.0,0.0,0.0,0.0,0.0,0.0,0.0,0.0,0.0,0.0,,
Antoni_Milambo,Antoni,Milambo,50,4,3,1,MID,Brentford,0,0,True,45.10356504562128,0.0,0.0,0.0,0.0,0.0,0.0,0.0,0.0,0.0,0.0,0.0,0.0,0.0,0.0,0.0,0.0,0.0,0.0,,
Fabio_Freitas_Gouveia_Carvalho,Fábio,Freitas Gouveia Carvalho,50,4,3,13,MID,Brentford,0,0,True,45.10356504562128,0.0,0.0,0.0,0.0,0.0,0.0,0.0,0.0,0.0,0.0,0.0,0.0,0.0,0.0,0.0,0.0,0.0,0.0,,
Lewis_Cook,Lewis,Cook,50,3,3,40,MID,Bournemouth,0,0,True,45.10356504562128,0.0,0.0,0.0,0.0,0.0,0.0,0.0,0.0,0.0,0.0,0.0,0.0,0.0,0.0,0.0,0.0,0.0,0.0,,
Josh_Dasilva,Josh,Dasilva,50,4,3,2,MID,Brentford,0,0,True,45.10356504562128,0.0,0.0,0.0,0.0,0.0,0.0,0.0,0.0,0.0,0.0,0.0,0.0,0.0,0.0,0.0,0.0,0.0,0.0,,
Carlos_Baleba,Carlos,Baleba,50,5,3,56,MID,Brighton,0,0,True,0.0,0.0,0.0,0.0,0.0,0.0,0.0,0.0,0.0,0.0,0.0,0.0,0.0,0.0,0.0,0.0,0.0,0.0,0.0,,
Christian_Norgaard,Christian,Nørgaard,50,9,3,7,MID,Everton,0,0,True,45.10356504562128,0.0,0.0,0.0,0.0,0.0,0.0,0.0,0.0,0.0,0.0,0.0,0.0,0.0,0.0,0.0,0.0,0.0,0.0,,
Carlos_Alcaraz_Duran,Carlos,Alcaraz Durán,50,9,3,29,MID,Everton,0,0,True,45.10356504562128,0.0,0.0,0.0,0.0,0.0,0.0,0.0,0.0,0.0,0.0,0.0,0.0,0.0,0.0,0.0,0.0,0.0,0.0,,
Harrison_Armstrong,Harrison,Armstrong,50,9,3,21,MID,Everton,0,0,True,45.10356504562128,0.0,0.0,0.0,0.0,0.0,0.0,0.0,0.0,0.0,0.0,0.0,0.0,0.0,0.0,0.0,0.0,0.0,0.0,,
Diego_Gomez_Amarilla,Diego,Gómez Amarilla,50,5,3,97,MID,Brighton,0,0,True,45.10356504562128,0.0,0.0,0.0,0.0,0.0,0.0,0.0,0.0,0.0,0.0,0.0,0.0,0.0,0.0,0.0,0.0,0.0,0.0,,
Facundo_Buonanotte,Facundo,Buonanotte,50,5,3,3,MID,Brighton,0,0,True,45.10356504562128,0.0,0.0,0.0,0.0,0.0,0.0,0.0,0.0,0.0,0.0,0.0,0.0,0.0,0.0,0.0,0.0,0.0,0.0,,
Yehor_Yarmoliuk,Yehor,Yarmoliuk,50,4,3,104,MID,Brentford,0,0,True,0.0,0.0,0.0,0.0,0.0,0.0,0.0,0.0,0.0,0.0,0.0,0.0,0.0,0.0,0.0,0.0,0.0,0.0,0.0,,
Matheus_Franca_de_Oliveira,Matheus,França de Oliveira,50,8,3,0,MID,Crystal Palace,0,0,True,45.10356504562128,0.0,0.0,0.0,0.0,0.0,0.0,0.0,0.0,0.0,0.0,0.0,0.0,0.0,0.0,0.0,0.0,0.0,0.0,,
Tim_Iroegbunam,Tim,Iroegbunam,50,9,3,68,MID,Everton,0,0,True,45.10356504562128,0.0,0.0,0.0,0.0,0.0,0.0,0.0,0.0,0.0,0.0,0.0,0.0,0.0,0.0,0.0,0.0,0.0,0.0,,
Tom_Cairney,Tom,Cairney,50,10,3,41,MID,Fulham,0,0,True,45.10356504562128,0.0,0.0,0.0,0.0,0.0,0.0,0.0,0.0,0.0,0.0,0.0,0.0,0.0,0.0,0.0,0.0,0.0,0.0,,
Merlin_Rohl,Merlin,Röhl,50,9,3,36,MID,Everton,0,0,True,45.10356504562128,0.0,0.0,0.0,0.0,0.0,0.0,0.0,0.0,0.0,0.0,0.0,0.0,0.0,0.0,0.0,0.0,0.0,0.0,,
Liam_Millar,Liam,Millar,50,11,3,0,MID,Hull City,0,0,True,45.10356504562128,0.0,0.0,0.0,0.0,0.0,0.0,0.0,0.0,0.0,0.0,0.0,0.0,0.0,0.0,0.0,0.0,0.0,0.0,,
Djiamgone_Jocelin_Ta_Bi,Djiamgone Jocelin Ta,Bi,50,20,3,1,MID,Sunderland,0,0,True,45.10356504562128,0.0,0.0,0.0,0.0,0.0,0.0,0.0,0.0,0.0,0.0,0.0,0.0,0.0,0.0,0.0,0.0,0.0,0.0,,
Mikey_Moore,Mikey,Moore,50,19,3,0,MID,Spurs,0,0,True,45.10356504562128,0.0,0.0,0.0,0.0,0.0,0.0,0.0,0.0,0.0,0.0,0.0,0.0,0.0,0.0,0.0,0.0,0.0,0.0,,
Simon_Adingra,Simon,Adingra,50,20,3,34,MID,Sunderland,0,0,True,45.10356504562128,0.0,0.0,0.0,0.0,0.0,0.0,0.0,0.0,0.0,0.0,0.0,0.0,0.0,0.0,0.0,0.0,0.0,0.0,,
Ibrahim_Sangare,Ibrahim,Sangaré,50,18,3,89,MID,Nott'm Forest,0,0,True,45.10356504562128,0.0,0.0,0.0,0.0,0.0,0.0,0.0,0.0,0.0,0.0,0.0,0.0,0.0,0.0,0.0,0.0,0.0,0.0,,
Nicolas_Dominguez,Nicolás,Domínguez,50,18,3,48,MID,Nott'm Forest,0,0,True,45.10356504562128,0.0,0.0,0.0,0.0,0.0,0.0,0.0,0.0,0.0,0.0,0.0,0.0,0.0,0.0,0.0,0.0,0.0,0.0,,
Pape_Matar_Sarr,Pape Matar,Sarr,50,19,3,71,MID,Spurs,0,0,True,45.10356504562128,0.0,0.0,0.0,0.0,0.0,0.0,0.0,0.0,0.0,0.0,0.0,0.0,0.0,0.0,0.0,0.0,0.0,0.0,,
Xaver_Schlager,Xaver,Schlager,50,18,3,0,MID,Nott'm Forest,0,0,True,45.10356504562128,0.0,0.0,0.0,0.0,0.0,0.0,0.0,0.0,0.0,0.0,0.0,0.0,0.0,0.0,0.0,0.0,0.0,0.0,,
Archie_Gray,Archie,Gray,50,19,3,61,MID,Spurs,0,0,True,45.10356504562128,0.0,0.0,0.0,0.0,0.0,0.0,0.0,0.0,0.0,0.0,0.0,0.0,0.0,0.0,0.0,0.0,0.0,0.0,,
Jack_Fletcher,Jack,Fletcher,50,16,3,3,MID,Man Utd,0,0,True,45.10356504562128,0.0,0.0,0.0,0.0,0.0,0.0,0.0,0.0,0.0,0.0,0.0,0.0,0.0,0.0,0.0,0.0,0.0,0.0,,
Manuel_Ugarte_Ribeiro,Manuel,Ugarte Ribeiro,50,16,3,38,MID,Man Utd,0,0,True,0.0,0.0,0.0,0.0,0.0,0.0,0.0,0.0,0.0,0.0,0.0,0.0,0.0,0.0,0.0,0.0,0.0,0.0,0.0,,
Jeremy_Monga,Jeremy,Monga,50,15,3,0,MID,Man City,0,0,True,45.10356504562128,0.0,0.0,0.0,0.0,0.0,0.0,0.0,0.0,0.0,0.0,0.0,0.0,0.0,0.0,0.0,0.0,0.0,0.0,,
Andrey_Nascimento_dos_Santos,Andrey,Nascimento dos Santos,50,16,3,47,MID,Man Utd,0,0,True,45.10356504562128,0.0,0.0,0.0,0.0,0.0,0.0,0.0,0.0,0.0,0.0,0.0,0.0,0.0,0.0,0.0,0.0,0.0,0.0,,
Wilfried_Gnonto,Wilfried,Gnonto,50,13,3,32,MID,Leeds,0,0,True,45.10356504562128,0.0,0.0,0.0,0.0,0.0,0.0,0.0,0.0,0.0,0.0,0.0,0.0,0.0,0.0,0.0,0.0,0.0,0.0,,
Endo_Wataru,Endo,Wataru,50,14,3,12,MID,Liverpool,0,0,True,45.10356504562128,0.0,0.0,0.0,0.0,0.0,0.0,0.0,0.0,0.0,0.0,0.0,0.0,0.0,0.0,0.0,0.0,0.0,0.0,,
Trey_Nyoni,Trey,Nyoni,50,14,3,6,MID,Liverpool,0,0,True,45.10356504562128,0.0,0.0,0.0,0.0,0.0,0.0,0.0,0.0,0.0,0.0,0.0,0.0,0.0,0.0,0.0,0.0,0.0,0.0,,
Stefan_Bajcetic_Maquieira,Stefan,Bajčetić Maquieira,50,14,3,0,MID,Liverpool,0,0,True,45.10356504562128,0.0,0.0,0.0,0.0,0.0,0.0,0.0,0.0,0.0,0.0,0.0,0.0,0.0,0.0,0.0,0.0,0.0,0.0,,
Hidemasa_Morita,Hidemasa,Morita,50,11,3,0,MID,Hull City,0,0,True,45.10356504562128,0.0,0.0,0.0,0.0,0.0,0.0,0.0,0.0,0.0,0.0,0.0,0.0,0.0,0.0,0.0,0.0,0.0,0.0,,
Anis_Mehmeti,Anis,Mehmeti,50,12,3,0,MID,Ipswich Town,0,0,True,45.10356504562128,0.0,0.0,0.0,0.0,0.0,0.0,0.0,0.0,0.0,0.0,0.0,0.0,0.0,0.0,0.0,0.0,0.0,0.0,,
Sam_Szmodics,Sam,Szmodics,50,12,3,0,MID,Ipswich Town,0,0,True,45.10356504562128,0.0,0.0,0.0,0.0,0.0,0.0,0.0,0.0,0.0,0.0,0.0,0.0,0.0,0.0,0.0,0.0,0.0,0.0,,
Chiedozie_Ogbene,Chiedozie,Ogbene,50,12,3,0,MID,Ipswich Town,0,0,True,45.10356504562128,0.0,0.0,0.0,0.0,0.0,0.0,0.0,0.0,0.0,0.0,0.0,0.0,0.0,0.0,0.0,0.0,0.0,0.0,,
Sean_Longstaff,Sean,Longstaff,50,13,3,56,MID,Leeds,0,0,True,45.10356504562128,0.0,0.0,0.0,0.0,0.0,0.0,0.0,0.0,0.0,0.0,0.0,0.0,0.0,0.0,0.0,0.0,0.0,0.0,,
Florentino_Ibrain_Morris_Luis,Florentino Ibrain,Morris Luís,50,12,3,0,MID,Ipswich Town,0,0,True,45.10356504562128,0.0,0.0,0.0,0.0,0.0,0.0,0.0,0.0,0.0,0.0,0.0,0.0,0.0,0.0,0.0,0.0,0.0,17.876587338914504,,
Azor_Matusiwa,Azor,Matusiwa,50,12,3,0,MID,Ipswich Town,0,0,True,45.10356504562128,0.0,0.0,0.0,0.0,0.0,0.0,0.0,0.0,0.0,0.0,0.0,0.0,0.0,0.0,0.0,0.0,17.876587338914504,0.0,,
Wes_Burns,Wes,Burns,50,12,3,0,MID,Ipswich Town,0,0,True,45.10356504562128,0.0,0.0,0.0,0.0,0.0,0.0,0.0,0.0,0.0,0.0,0.0,0.0,0.0,0.0,0.0,17.876587338914504,0.0,0.0,,
Joe_Gelhardt,Joe,Gelhardt,50,13,3,0,MID,Leeds,0,0,True,45.10356504562128,0.0,0.0,0.0,0.0,0.0,0.0,0.0,0.0,0.0,0.0,0.0,0.0,0.0,0.0,17.876587338914504,0.0,0.0,0.0,,
Jack_Harrison,Jack,Harrison,50,13,3,12,MID,Leeds,0,0,True,45.10356504562128,0.0,0.0,0.0,0.0,0.0,0.0,0.0,0.0,0.0,0.0,0.0,0.0,0.0,17.876587338914504,0.0,0.0,0.0,0.0,,
Daniel_James,Daniel,James,50,13,3,23,MID,Leeds,0,0,True,45.10356504562128,0.0,0.0,0.0,0.0,0.0,0.0,0.0,0.0,0.0,0.0,0.0,0.0,17.876587338914504,0.0,0.0,0.0,0.0,0.0,,
Ilia_Gruev,Ilia,Gruev,50,13,3,56,MID,Leeds,0,0,True,45.10356504562128,0.0,0.0,0.0,0.0,0.0,0.0,0.0,0.0,0.0,0.0,0.0,17.876587338914504,0.0,0.0,0.0,0.0,0.0,0.0,,
Sasa_Lukic,Saša,Lukić,50,12,3,67,MID,Ipswich Town,0,0,True,45.10356504562128,0.0,0.0,0.0,0.0,0.0,0.0,0.0,0.0,0.0,0.0,17.876587338914504,0.0,0.0,0.0,0.0,0.0,0.0,0.0,,
Elliot_Stroud,Elliot,Stroud,50,11,3,0,MID,Hull City,0,0,True,45.10356504562128,0.0,0.0,0.0,0.0,0.0,0.0,0.0,0.0,0.0,17.876587338914504,0.0,0.0,0.0,0.0,0.0,0.0,0.0,0.0,,
Jens_Hjerto_Dahl,Jens,Hjertø-Dahl,50,11,3,0,MID,Hull City,0,0,True,45.10356504562128,0.0,0.0,0.0,0.0,0.0,0.0,0.0,0.0,17.876587338914504,0.0,0.0,0.0,0.0,0.0,0.0,0.0,0.0,0.0,,
Marcelino_Nunez,Marcelino,Núñez,50,12,3,0,MID,Ipswich Town,0,0,True,45.10356504562128,0.0,0.0,0.0,0.0,0.0,0.0,0.0,17.876587338914504,0.0,0.0,0.0,0.0,0.0,0.0,0.0,0.0,0.0,0.0,,
Nilson_Angulo,Nilson,Angulo,50,20,3,13,MID,Sunderland,0,0,True,45.10356504562128,0.0,0.0,0.0,0.0,0.0,0.0,17.876587338914504,0.0,0.0,0.0,0.0,0.0,0.0,0.0,0.0,0.0,0.0,0.0,,
Chris_Rigg,Chris,Rigg,50,20,3,36,MID,Sunderland,0,0,True,45.10356504562128,0.0,0.0,0.0,0.0,0.0,17.876587338914504,0.0,0.0,0.0,0.0,0.0,0.0,0.0,0.0,0.0,0.0,0.0,0.0,,
Noah_Sadiki,Noah,Sadiki,50,20,3,80,MID,Sunderland,0,0,True,45.10356504562128,0.0,0.0,0.0,0.0,17.876587338914504,0.0,0.0,0.0,0.0,0.0,0.0,0.0,0.0,0.0,0.0,0.0,0.0,0.0,,
Sean_Steur,Sean,Steur,50,17,3,0,MID,Newcastle,0,0,True,45.10356504562128,0.0,0.0,0.0,17.876587338914504,0.0,0.0,0.0,0.0,0.0,0.0,0.0,0.0,0.0,0.0,0.0,0.0,0.0,0.0,,
Shea_Lacey,Shea,Lacey,50,16,3,3,MID,Man Utd,0,0,True,45.10356504562128,0.0,0.0,17.876587338914504,0.0,0.0,0.0,0.0,0.0,0.0,0.0,0.0,0.0,0.0,0.0,0.0,0.0,0.0,0.0,,
Jacob_Ramsey,Jacob,Ramsey,50,17,3,62,MID,Newcastle,0,0,True,45.10356504562128,0.0,17.876587338914504,0.0,0.0,0.0,0.0,0.0,0.0,0.0,0.0,0.0,0.0,0.0,0.0,0.0,0.0,0.0,0.0,,
Joe_Willock,Joe,Willock,50,17,3,38,MID,Newcastle,0,0,True,45.10356504562128,17.876587338914504,0.0,0.0,0.0,0.0,0.0,0.0,0.0,0.0,0.0,0.0,0.0,0.0,0.0,0.0,0.0,0.0,0.0,,
Nehemiah_Oriola,Nehemiah,Oriola,45,5,3,1,MID,Brighton,0,0,True,27.226977706706776,0.0,0.0,0.0,0.0,0.0,0.0,0.0,0.0,0.0,0.0,0.0,0.0,0.0,0.0,0.0,0.0,0.0,0.0,,
Dario_Luis_Essugo,Dário,Luís Essugo,45,6,3,1,MID,Chelsea,0,0,True,27.226977706706776,0.0,0.0,0.0,0.0,0.0,0.0,0.0,0.0,0.0,0.0,0.0,0.0,0.0,0.0,0.0,0.0,0.0,0.0,,
Bradley_Burrowes,Bradley,Burrowes,45,2,3,1,MID,Aston Villa,0,0,True,27.226977706706776,0.0,0.0,0.0,0.0,0.0,0.0,0.0,0.0,0.0,0.0,0.0,0.0,0.0,0.0,0.0,0.0,0.0,0.0,,
George_Hemmings,George,Hemmings,45,2,3,2,MID,Aston Villa,0,0,True,27.226977706706776,0.0,0.0,0.0,0.0,0.0,0.0,0.0,0.0,0.0,0.0,0.0,0.0,0.0,0.0,0.0,0.0,0.0,0.0,,
Harry_Howell,Harry,Howell,45,5,3,4,MID,Brighton,0,0,True,27.226977706706776,0.0,0.0,0.0,0.0,0.0,0.0,0.0,0.0,0.0,0.0,0.0,0.0,0.0,0.0,0.0,0.0,0.0,0.0,,
George_Shepherd,George,Shepherd,45,7,3,0,MID,Coventry City,0,0,True,27.226977706706776,0.0,0.0,0.0,0.0,0.0,0.0,0.0,0.0,0.0,0.0,0.0,0.0,0.0,0.0,0.0,0.0,0.0,0.0,,
Kaine_Andrews,Kaine,Andrews,45,7,3,0,MID,Coventry City,0,0,True,27.226977706706776,0.0,0.0,0.0,0.0,0.0,0.0,0.0,0.0,0.0,0.0,0.0,0.0,0.0,0.0,0.0,0.0,0.0,0.0,,
Raphael_Borges_Rodrigues,Raphael,Borges Rodrigues,45,7,3,0,MID,Coventry City,0,0,True,27.226977706706776,0.0,0.0,0.0,0.0,0.0,0.0,0.0,0.0,0.0,0.0,0.0,0.0,0.0,0.0,0.0,0.0,0.0,0.0,,
Will_Hughes,Will,Hughes,45,8,3,45,MID,Crystal Palace,0,0,True,27.226977706706776,0.0,0.0,0.0,0.0,0.0,0.0,0.0,0.0,0.0,0.0,0.0,0.0,0.0,0.0,0.0,0.0,0.0,0.0,,
Kieran_Dowell,Kieran,Dowell,45,11,3,0,MID,Hull City,0,0,True,27.226977706706776,0.0,0.0,0.0,0.0,0.0,0.0,0.0,0.0,0.0,0.0,0.0,0.0,0.0,0.0,0.0,0.0,0.0,0.0,,
Harrison_Reed,Harrison,Reed,45,10,3,15,MID,Fulham,0,0,True,27.226977706706776,0.0,0.0,0.0,0.0,0.0,0.0,0.0,0.0,0.0,0.0,0.0,0.0,0.0,0.0,0.0,0.0,0.0,0.0,,
Joel_Drakes_Thomas,Joél,Drakes-Thomas,45,8,3,2,MID,Crystal Palace,0,0,True,27.226977706706776,0.0,0.0,0.0,0.0,0.0,0.0,0.0,0.0,0.0,0.0,0.0,0.0,0.0,0.0,0.0,0.0,0.0,0.0,,
Matt_Crooks,Matt,Crooks,45,11,3,0,MID,Hull City,0,0,True,27.226977706706776,0.0,0.0,0.0,0.0,0.0,0.0,0.0,0.0,0.0,0.0,0.0,0.0,0.0,0.0,0.0,0.0,0.0,0.0,,
Eliot_Matazo,Eliot,Matazo,45,11,3,0,MID,Hull City,0,0,True,0.0,0.0,0.0,0.0,0.0,0.0,0.0,0.0,0.0,0.0,0.0,0.0,0.0,0.0,0.0,0.0,0.0,0.0,0.0,,
Darko_Gyabi,Darko,Gyabi,45,11,3,0,MID,Hull City,0,0,True,27.226977706706776,0.0,0.0,0.0,0.0,0.0,0.0,0.0,0.0,0.0,0.0,0.0,0.0,0.0,0.0,0.0,0.0,0.0,0.0,,
Oscar_Zambrano,Óscar,Zambrano,45,11,3,0,MID,Hull City,0,0,True,27.226977706706776,0.0,0.0,0.0,0.0,0.0,0.0,0.0,0.0,0.0,0.0,0.0,0.0,0.0,0.0,0.0,0.0,0.0,0.0,,
Kasey_McAteer,Kasey,McAteer,45,12,3,0,MID,Ipswich Town,0,0,True,27.226977706706776,0.0,0.0,0.0,0.0,0.0,0.0,0.0,0.0,0.0,0.0,0.0,0.0,0.0,0.0,0.0,0.0,0.0,0.0,,
James_McConnell,James,McConnell,45,14,3,0,MID,Liverpool,0,0,True,27.226977706706776,0.0,0.0,0.0,0.0,0.0,0.0,0.0,0.0,0.0,0.0,0.0,0.0,0.0,0.0,0.0,0.0,0.0,0.0,,
Regan_Slater,Regan,Slater,45,11,3,0,MID,Hull City,0,0,True,27.226977706706776,0.0,0.0,0.0,0.0,0.0,0.0,0.0,0.0,0.0,0.0,0.0,0.0,0.0,0.0,0.0,0.0,0.0,0.0,,
Jack_Taylor,Jack,Taylor,45,12,3,0,MID,Ipswich Town,0,0,True,27.226977706706776,0.0,0.0,0.0,0.0,0.0,0.0,0.0,0.0,0.0,0.0,0.0,0.0,0.0,0.0,0.0,0.0,0.0,0.0,,
Divine_Mukasa,Divine,Mukasa,45,15,3,2,MID,Man City,0,0,True,27.226977706706776,0.0,0.0,0.0,0.0,0.0,0.0,0.0,0.0,0.0,0.0,0.0,0.0,0.0,0.0,0.0,0.0,0.0,0.0,,
Tyler_Fletcher,Tyler,Fletcher,45,16,3,2,MID,Man Utd,0,0,True,27.226977706706776,0.0,0.0,0.0,0.0,0.0,0.0,0.0,0.0,0.0,0.0,0.0,0.0,0.0,0.0,0.0,0.0,0.0,0.0,,
Bendito_Mantato,Bendito,Mantato,45,16,3,1,MID,Man Utd,0,0,True,27.226977706706776,0.0,0.0,0.0,0.0,0.0,0.0,0.0,0.0,0.0,0.0,0.0,0.0,0.0,0.0,0.0,0.0,0.0,0.0,,
Ryan_Yates,Ryan,Yates,45,18,3,30,MID,Nott'm Forest,0,0,True,27.226977706706776,0.0,0.0,0.0,0.0,0.0,0.0,0.0,0.0,0.0,0.0,0.0,0.0,0.0,0.0,0.0,0.0,0.0,0.0,,
Callum_Olusesi,Callum,Olusesi,45,19,3,1,MID,Spurs,0,0,True,27.226977706706776,0.0,0.0,0.0,0.0,0.0,0.0,0.0,0.0,0.0,0.0,0.0,0.0,0.0,0.0,0.0,0.0,0.0,0.0,,
Erling_Haaland,Erling,Haaland,155,15,4,239,FWD,Man City,0,0,False,283.23388046807503,148.60512055289405,22.86232623890676,0.0,11.431163119453371,0.0,0.0,0.0,11.431163119453371,0.0,11.431163119453402,0.0,11.431163119453371,0.0,0.0,0.0,0.0,0.0,0.0,1,1.0
Alexander_Isak,Alexander,Isak,90,14,4,41,FWD,Liverpool,0,0,False,134.62875991518098,22.86232623890676,0.0,11.431163119453371,0.0,0.0,0.0,11.431163119453371,0.0,11.431163119453402,0.0,11.431163119453371,0.0,0.0,0.0,0.0,0.0,0.0,0.0,5,5.0
Igor_Thiago_Nascimento_Rodrigues,Igor Thiago,Nascimento Rodrigues,80,4,4,181,FWD,Brentford,0,0,False,111.76643367627422,0.0,11.431163119453371,0.0,0.0,0.0,11.431163119453371,0.0,11.431163119453402,0.0,11.431163119453371,0.0,0.0,0.0,0.0,0.0,0.0,0.0,0.0,9,9.0
Ollie_Watkins,Ollie,Watkins,80,2,4,167,FWD,Aston Villa,0,0,False,111.76643367627422,11.431163119453371,0.0,0.0,0.0,11.431163119453371,0.0,11.431163119453402,0.0,11.431163119453371,0.0,0.0,0.0,0.0,0.0,0.0,0.0,0.0,0.0,10,10.0
Viktor_Gyokeres,Viktor,Gyökeres,75,1,4,128,FWD,Arsenal,0,0,False,100.33527055682084,0.0,0.0,0.0,11.431163119453371,0.0,11.431163119453402,0.0,11.431163119453371,0.0,0.0,0.0,0.0,0.0,0.0,0.0,0.0,0.0,0.0,2,19.0
Hugo_Ekitike,Hugo,Ekitiké,75,14,4,125,FWD,Liverpool,0,0,True,0.0,0.0,0.0,0.0,0.0,0.0,0.0,0.0,0.0,0.0,0.0,0.0,0.0,0.0,0.0,0.0,0.0,0.0,0.0,,
Joao_Pedro_Junqueira_de_Jesus,João Pedro,Junqueira de Jesus,75,6,4,177,FWD,Chelsea,0,0,False,100.33527055682084,0.0,11.431163119453371,0.0,11.431163119453402,0.0,11.431163119453371,0.0,0.0,0.0,0.0,0.0,0.0,0.0,0.0,0.0,0.0,0.0,0.0,3,3.0
Kai_Havertz,Kai,Havertz,75,1,4,36,FWD,Arsenal,0,0,False,100.33527055682084,11.431163119453371,0.0,11.431163119453402,0.0,11.431163119453371,0.0,0.0,0.0,0.0,0.0,0.0,0.0,0.0,0.0,0.0,0.0,0.0,0.0,1,21.0
Omar_Marmoush,Omar,Marmoush,70,15,4,56,FWD,Man City,0,0,False,88.90410743736747,0.0,11.431163119453402,0.0,11.431163119453371,0.0,0.0,0.0,0.0,0.0,0.0,0.0,0.0,0.0,0.0,0.0,0.0,0.0,0.0,6,26.0
Benjamin_Sesko,Benjamin,Sesko,70,16,4,111,FWD,Man Utd,0,0,False,88.90410743736747,11.431163119453402,0.0,11.431163119453371,0.0,0.0,0.0,0.0,0.0,0.0,0.0,0.0,0.0,0.0,0.0,0.0,0.0,0.0,11.431163119453387,2,22.0
Nicolas_Jackson,Nicolas,Jackson,65,6,4,0,FWD,Chelsea,0,0,False,77.47294431791407,0.0,11.431163119453371,0.0,0.0,0.0,0.0,0.0,0.0,0.0,0.0,0.0,0.0,0.0,0.0,0.0,0.0,11.431163119453387,0.0,9,29.0
Jean_Philippe_Mateta,Jean-Philippe,Mateta,65,8,4,114,FWD,Crystal Palace,0,0,False,77.47294431791407,11.431163119453371,0.0,0.0,0.0,0.0,0.0,0.0,0.0,0.0,0.0,0.0,0.0,0.0,0.0,0.0,11.431163119453387,0.0,0.0,8,28.0
Gabriel_Fernando_de_Jesus,Gabriel,Fernando de Jesus,60,1,4,24,FWD,Arsenal,0,0,False,66.0417811984607,0.0,0.0,0.0,0.0,0.0,0.0,0.0,0.0,0.0,0.0,0.0,0.0,0.0,0.0,11.431163119453387,0.0,0.0,0.0,5,136.0
William_Osula,William,Osula,60,17,4,76,FWD,Newcastle,0,0,False,66.0417811984607,0.0,0.0,0.0,0.0,0.0,0.0,0.0,0.0,0.0,0.0,0.0,0.0,0.0,11.431163119453387,0.0,0.0,0.0,0.0,4,104.0
Gonzalo_Garcia,Gonzalo,García,60,10,4,0,FWD,Fulham,0,0,False,66.0417811984607,0.0,0.0,0.0,0.0,0.0,0.0,0.0,0.0,0.0,0.0,0.0,0.0,11.431163119453387,0.0,0.0,0.0,0.0,0.0,10,131.0
Dominic_Calvert_Lewin,Dominic,Calvert-Lewin,60,13,4,142,FWD,Leeds,0,0,False,66.0417811984607,0.0,0.0,0.0,0.0,0.0,0.0,0.0,0.0,0.0,0.0,0.0,11.431163119453387,0.0,0.0,0.0,0.0,0.0,0.0,6,15.0
Nick_Woltemade,Nick,Woltemade,60,17,4,108,FWD,Newcastle,0,0,False,66.0417811984607,0.0,0.0,0.0,0.0,0.0,0.0,0.0,0.0,0.0,0.0,11.431163119453387,0.0,0.0,0.0,0.0,0.0,0.0,0.0,8,73.0
Alvaro_Rodriguez,Álvaro,Rodríguez,60,3,4,0,FWD,Bournemouth,0,0,False,66.0417811984607,0.0,0.0,0.0,0.0,0.0,0.0,0.0,0.0,0.0,11.431163119453387,0.0,0.0,0.0,0.0,0.0,0.0,0.0,0.0,1,101.0
Danny_Welbeck,Danny,Welbeck,60,6,4,126,FWD,Chelsea,0,0,False,66.0417811984607,0.0,0.0,0.0,0.0,0.0,0.0,0.0,0.0,11.431163119453387,0.0,0.0,0.0,0.0,0.0,0.0,0.0,0.0,0.0,10,51.0
Jorgen_Strand_Larsen,Jørgen,Strand Larsen,60,8,4,75,FWD,Crystal Palace,0,0,False,66.0417811984607,0.0,0.0,0.0,0.0,0.0,0.0,0.0,11.431163119453387,0.0,0.0,0.0,0.0,0.0,0.0,0.0,0.0,0.0,0.0,9,52.0
Francisco_Evanilson_de_Lima_Barbosa,Francisco Evanilson,de Lima Barbosa,60,3,4,115,FWD,Bournemouth,0,0,False,66.0417811984607,0.0,0.0,0.0,0.0,0.0,0.0,11.431163119453387,0.0,0.0,0.0,0.0,0.0,0.0,0.0,0.0,0.0,0.0,0.0,3,63.0
Chris_Wood,Chris,Wood,60,18,4,41,FWD,Nott'm Forest,0,0,False,66.0417811984607,0.0,0.0,0.0,0.0,0.0,11.431163119453387,0.0,0.0,0.0,0.0,0.0,0.0,0.0,0.0,0.0,0.0,0.0,0.0,2,62.0
Brian_Brobbey,Brian,Brobbey,60,20,4,92,FWD,Sunderland,0,0,False,66.0417811984607,0.0,0.0,0.0,0.0,11.431163119453387,0.0,0.0,0.0,0.0,0.0,0.0,0.0,0.0,0.0,0.0,0.0,0.0,0.0,8,53.0
Richarlison_de_Andrade,Richarlison,de Andrade,60,19,4,119,FWD,Spurs,0,0,False,66.0417811984607,0.0,0.0,0.0,11.431163119453387,0.0,0.0,0.0,0.0,0.0,0.0,0.0,0.0,0.0,0.0,0.0,0.0,0.0,0.0,6,46.0
Yoane_Wissa,Yoane,Wissa,60,17,4,27,FWD,Newcastle,0,0,False,66.0417811984607,0.0,0.0,11.431163119453387,0.0,0.0,0.0,0.0,0.0,0.0,0.0,0.0,0.0,0.0,0.0,0.0,0.0,0.0,0.0,7,54.0
Dominic_Solanke_Mitchell,Dominic,Solanke-Mitchell,60,19,4,40,FWD,Spurs,0,0,False,66.0417811984607,0.0,11.431163119453387,0.0,0.0,0.0,0.0,0.0,0.0,0.0,0.0,0.0,0.0,0.0,0.0,0.0,0.0,0.0,0.0,7,34.0
Igor_Jesus_Maciel_da_Cruz,Igor Jesus,Maciel da Cruz,60,18,4,114,FWD,Nott'm Forest,0,0,False,66.0417811984607,11.431163119453387,0.0,0.0,0.0,0.0,0.0,0.0,0.0,0.0,0.0,0.0,0.0,0.0,0.0,0.0,0.0,0.0,0.0,7,47.0
Tammy_Abraham,Tammy,Abraham,55,2,4,23,FWD,Aston Villa,0,0,True,54.61061807900731,0.0,0.0,0.0,0.0,0.0,0.0,0.0,0.0,0.0,0.0,0.0,0.0,0.0,0.0,0.0,0.0,0.0,0.0,,
Thierno_Barry,Thierno,Barry,55,9,4,95,FWD,Everton,0,0,False,54.61061807900731,0.0,0.0,0.0,0.0,0.0,0.0,0.0,0.0,0.0,0.0,0.0,0.0,0.0,0.0,0.0,0.0,0.0,11.431163119453387,4,137.0
Rodrigo_Muniz_Carvalho,Rodrigo,Muniz Carvalho,55,10,4,36,FWD,Fulham,0,0,True,54.61061807900731,0.0,0.0,0.0,0.0,0.0,0.0,0.0,0.0,0.0,0.0,0.0,0.0,0.0,0.0,0.0,0.0,11.431163119453387,0.0,,
Liam_Delap,Liam,Delap,55,6,4,45,FWD,Chelsea,0,0,True,54.61061807900731,0.0,0.0,0.0,0.0,0.0,0.0,0.0,0.0,0.0,0.0,0.0,0.0,0.0,0.0,0.0,11.431163119453387,0.0,0.0,,
Georginio_Rutter,Georginio,Rutter,55,5,4,87,FWD,Brighton,0,0,True,54.61061807900731,0.0,0.0,0.0,0.0,0.0,0.0,0.0,0.0,0.0,0.0,0.0,0.0,0.0,0.0,11.431163119453387,0.0,0.0,0.0,,
Charalampos_Kostoulas,Charalampos,Kostoulas,55,5,4,35,FWD,Brighton,0,0,True,54.61061807900731,0.0,0.0,0.0,0.0,0.0,0.0,0.0,0.0,0.0,0.0,0.0,0.0,0.0,11.431163119453387,0.0,0.0,0.0,0.0,,
Haji_Wright,Haji,Wright,55,7,4,0,FWD,Coventry City,0,0,False,54.61061807900731,0.0,0.0,0.0,0.0,0.0,0.0,0.0,0.0,0.0,0.0,0.0,0.0,11.431163119453387,0.0,0.0,0.0,0.0,0.0,5,145.0
Stefanos_Tzimas,Stefanos,Tzimas,55,5,4,16,FWD,Brighton,0,0,True,0.0,0.0,0.0,0.0,0.0,0.0,0.0,0.0,0.0,0.0,0.0,0.0,0.0,0.0,0.0,0.0,0.0,0.0,0.0,,
Callum_Wilson,Callum,Wilson,55,4,4,0,FWD,Brentford,0,0,True,54.61061807900731,0.0,0.0,0.0,0.0,0.0,0.0,0.0,0.0,0.0,0.0,11.431163119453387,0.0,0.0,0.0,0.0,0.0,0.0,0.0,,
Enes_Unal,Enes,Ünal,55,3,4,27,FWD,Bournemouth,0,0,True,54.61061807900731,0.0,0.0,0.0,0.0,0.0,0.0,0.0,0.0,0.0,11.431163119453387,0.0,0.0,0.0,0.0,0.0,0.0,0.0,0.0,,
Wilson_Isidor,Wilson,Isidor,55,20,4,74,FWD,Sunderland,0,0,True,54.61061807900731,0.0,0.0,0.0,0.0,0.0,0.0,0.0,0.0,11.431163119453387,0.0,0.0,0.0,0.0,0.0,0.0,0.0,0.0,0.0,,
Arnaud_Kalimuendo,Arnaud,Kalimuendo,55,18,4,9,FWD,Nott'm Forest,0,0,True,54.61061807900731,0.0,0.0,0.0,0.0,0.0,0.0,0.0,11.431163119453387,0.0,0.0,0.0,0.0,0.0,0.0,0.0,0.0,0.0,0.0,,
Joshua_Zirkzee,Joshua,Zirkzee,55,16,4,42,FWD,Man Utd,0,0,True,54.61061807900731,0.0,0.0,0.0,0.0,0.0,0.0,11.431163119453387,0.0,0.0,0.0,0.0,0.0,0.0,0.0,0.0,0.0,0.0,11.431163119453387,,
Taiwo_Awoniyi,Taiwo,Awoniyi,55,18,4,43,FWD,Nott'm Forest,0,0,True,54.61061807900731,0.0,0.0,0.0,0.0,0.0,11.431163119453387,0.0,0.0,0.0,0.0,0.0,0.0,0.0,0.0,0.0,0.0,11.431163119453387,0.0,,
Oli_McBurnie,Oli,McBurnie,55,11,4,0,FWD,Hull City,0,0,True,54.61061807900731,0.0,0.0,0.0,0.0,11.431163119453387,0.0,0.0,0.0,0.0,0.0,0.0,0.0,0.0,0.0,0.0,11.431163119453387,0.0,0.0,,
Eddie_Nketiah,Eddie,Nketiah,55,8,4,23,FWD,Crystal Palace,0,0,True,54.61061807900731,0.0,0.0,0.0,11.431163119453387,0.0,0.0,0.0,0.0,0.0,0.0,0.0,0.0,0.0,0.0,11.431163119453387,0.0,0.0,0.0,,
Lukas_Nmecha,Lukas,Nmecha,55,13,4,73,FWD,Leeds,0,0,True,54.61061807900731,0.0,0.0,11.431163119453387,0.0,0.0,0.0,0.0,0.0,0.0,0.0,0.0,0.0,0.0,11.431163119453387,0.0,0.0,0.0,0.0,,
Emersonn_Correia_da_Silva,Emersonn,Correia da Silva,55,12,4,0,FWD,Ipswich Town,0,0,False,54.61061807900731,0.0,11.431163119453387,0.0,0.0,0.0,0.0,0.0,0.0,0.0,0.0,0.0,0.0,11.431163119453387,0.0,0.0,0.0,0.0,0.0,3,143.0
Norberto_Bercique_Gomes_Betuncal,Norberto Bercique,Gomes Betuncal,55,9,4,104,FWD,Everton,0,0,False,54.61061807900731,11.431163119453387,0.0,0.0,0.0,0.0,0.0,0.0,0.0,0.0,0.0,0.0,11.431163119453387,0.0,0.0,0.0,0.0,0.0,0.0,4,144.0
Marc_Guiu_Paz,Marc,Guiu Paz,50,6,4,13,FWD,Chelsea,0,0,True,43.17945495955392,0.0,0.0,0.0,0.0,0.0,0.0,0.0,0.0,0.0,0.0,11.431163119453387,0.0,0.0,0.0,0.0,0.0,0.0,0.0,,
Emmanuel_Emegha,Emmanuel,Emegha,50,6,4,0,FWD,Chelsea,0,0,True,43.17945495955392,0.0,0.0,0.0,0.0,0.0,0.0,0.0,0.0,0.0,11.431163119453387,0.0,0.0,0.0,0.0,0.0,0.0,0.0,0.0,,
Evan_Ferguson,Evan,Ferguson,50,5,4,0,FWD,Brighton,0,0,True,0.0,0.0,0.0,0.0,0.0,0.0,0.0,0.0,0.0,0.0,0.0,0.0,0.0,0.0,0.0,0.0,0.0,0.0,0.0,,
Ellis_Simms,Ellis,Simms,50,7,4,0,FWD,Coventry City,0,0,True,43.17945495955392,0.0,0.0,0.0,0.0,0.0,0.0,0.0,11.431163119453387,0.0,0.0,0.0,0.0,0.0,0.0,0.0,0.0,0.0,0.0,,
Brandon_Thomas_Asante,Brandon,Thomas-Asante,50,7,4,0,FWD,Coventry City,0,0,True,43.17945495955392,0.0,0.0,0.0,0.0,0.0,0.0,11.431163119453387,0.0,0.0,0.0,0.0,0.0,0.0,0.0,0.0,0.0,0.0,0.0,,
Jahnoah_Markelo,Jahnoah,Markelo,50,7,4,0,FWD,Coventry City,0,0,True,43.17945495955392,0.0,0.0,0.0,0.0,0.0,11.431163119453387,0.0,0.0,0.0,0.0,0.0,0.0,0.0,0.0,0.0,0.0,0.0,0.0,,
Christantus_Uche,Christantus,Uche,50,8,4,17,FWD,Crystal Palace,0,0,True,43.17945495955392,0.0,0.0,0.0,0.0,11.431163119453387,0.0,0.0,0.0,0.0,0.0,0.0,0.0,0.0,0.0,0.0,0.0,0.0,0.0,,
Chuba_Akpom,Chuba,Akpom,50,12,4,0,FWD,Ipswich Town,0,0,True,43.17945495955392,0.0,0.0,0.0,11.431163119453387,0.0,0.0,0.0,0.0,0.0,0.0,0.0,0.0,0.0,0.0,0.0,0.0,0.0,0.0,,
Ali_Al_Hamadi,Ali,Al-Hamadi,50,12,4,0,FWD,Ipswich Town,0,0,True,43.17945495955392,0.0,0.0,11.431163119453387,0.0,0.0,0.0,0.0,0.0,0.0,0.0,0.0,0.0,0.0,0.0,0.0,0.0,0.0,0.0,,
Joel_Piroe,Joël,Piroe,50,13,4,17,FWD,Leeds,0,0,True,43.17945495955392,0.0,11.431163119453387,0.0,0.0,0.0,0.0,0.0,0.0,0.0,0.0,0.0,0.0,0.0,0.0,0.0,0.0,0.0,0.0,,
George_Hirst,George,Hirst,50,12,4,0,FWD,Ipswich Town,0,0,True,43.17945495955392,11.431163119453387,0.0,0.0,0.0,0.0,0.0,0.0,0.0,0.0,0.0,0.0,0.0,0.0,0.0,0.0,0.0,0.0,0.0,,
Jonah_Kusi_Asare,Jonah,Kusi-Asare,45,10,4,6,FWD,Fulham,0,0,True,31.74829184010053,0.0,0.0,0.0,0.0,0.0,0.0,0.0,0.0,0.0,0.0,0.0,0.0,0.0,0.0,0.0,0.0,0.0,0.0,,
Norman_Bassette,Norman,Bassette,45,7,4,0,FWD,Coventry City,0,0,True,31.74829184010053,0.0,0.0,0.0,0.0,0.0,0.0,0.0,0.0,0.0,0.0,0.0,0.0,0.0,0.0,0.0,0.0,0.0,0.0,,
Kaye_Furo,Kaye,Furo,45,4,4,1,FWD,Brentford,0,0,True,31.74829184010053,0.0,0.0,0.0,0.0,0.0,0.0,0.0,0.0,0.0,0.0,0.0,0.0,0.0,0.0,0.0,0.0,0.0,0.0,,
Shumaira_Mheuka,Shumaira,Mheuka,45,6,4,1,FWD,Chelsea,0,0,True,31.74829184010053,0.0,0.0,0.0,0.0,0.0,0.0,0.0,0.0,0.0,0.0,0.0,0.0,0.0,0.0,0.0,0.0,0.0,0.0,,
Jayden_Danns,Jayden,Danns,45,14,4,0,FWD,Liverpool,0,0,True,0.0,0.0,0.0,0.0,0.0,0.0,0.0,0.0,0.0,0.0,0.0,0.0,0.0,0.0,0.0,0.0,0.0,0.0,0.0,,
Mateo_Joseph_Fernandez_Regatillo,Mateo,Joseph Fernández-Regatillo,45,13,4,0,FWD,Leeds,0,0,True,31.74829184010053,0.0,0.0,0.0,0.0,0.0,0.0,0.0,0.0,0.0,0.0,0.0,0.0,0.0,0.0,0.0,0.0,0.0,0.0,,
Enis_Destan,Enis,Destan,45,11,4,0,FWD,Hull City,0,0,True,31.74829184010053,0.0,0.0,0.0,0.0,0.0,0.0,0.0,0.0,0.0,0.0,0.0,0.0,0.0,0.0,0.0,0.0,0.0,0.0,,
Sindre_Walle_Egeli,Sindre,Walle Egeli,45,12,4,0,FWD,Ipswich Town,0,0,True,31.74829184010053,0.0,0.0,0.0,0.0,0.0,0.0,0.0,0.0,0.0,0.0,0.0,0.0,0.0,0.0,0.0,0.0,0.0,0.0,,
Mason_Burstow,Mason,Burstow,45,11,4,0,FWD,Hull City,0,0,True,31.74829184010053,0.0,0.0,0.0,0.0,0.0,0.0,0.0,0.0,0.0,0.0,0.0,0.0,0.0,0.0,0.0,0.0,0.0,0.0,,
Chido_Obi,Chido,Obi,45,16,4,0,FWD,Man Utd,0,0,True,31.74829184010053,0.0,0.0,0.0,0.0,0.0,0.0,0.0,0.0,0.0,0.0,0.0,0.0,0.0,0.0,0.0,0.0,0.0,0.0,,
Sean_Neave,Sean,Neave,45,17,4,1,FWD,Newcastle,0,0,True,31.74829184010053,0.0,0.0,0.0,0.0,0.0,0.0,0.0,0.0,0.0,0.0,0.0,0.0,0.0,0.0,0.0,0.0,0.0,0.0,,
Dane_Scarlett,Dane,Scarlett,45,19,4,2,FWD,Spurs,0,0,True,31.74829184010053,0.0,0.0,0.0,0.0,0.0,0.0,0.0,0.0,0.0,0.0,0.0,0.0,0.0,0.0,0.0,0.0,0.0,0.0,,
