full_name,position,team,predicted_points,predicted_points_adj,fixture_diff_index,owner
aaron_anselmino,DEF,Chelsea,0.508068041197079,0.3175087902847126,0.6249336005008654,
aaron_hickey,DEF,Brentford,1.0889215684403721,2.1778431368807443,2.0,
aaron_wan_bissaka,DEF,Aston Villa,1.2978190946112202,0.71096343453766,0.5478139730642806,
abdoul_ouattara,DEF,Ipswich Town,1.081781051472927,1.5412115567223517,1.42469823687878,
abdukodir_khusanov,DEF,Man City,3.404107263196379,6.808214526392758,2.0,14972.0
abdul_fatawu,MID,Ipswich Town,2.5392012478286374,3.729494427827318,1.468766774991365,
abdulkadir_omur,MID,Hull City,0.37236830973481805,0.40070844059841515,1.0761077946825806,
abu_kamara,MID,Hull City,0.31569791685057225,0.339724989087954,1.0761077946825806,
adam_aznou,DEF,Everton,0.09111290046183851,0.18222580092367702,2.0,
adam_smith,DEF,Bournemouth,2.2060647913922256,1.711999502851945,0.7760422583833175,
adam_wharton,MID,Crystal Palace,3.3261677092078448,3.5300020493380644,1.061282039256753,
adrien_truffert,DEF,Bournemouth,2.5831815761080663,2.0046580641370815,0.7760422583833175,61014.0
aladji_bamba,MID,Newcastle,0.6430288951010803,0.5353716417888003,0.8325778917052289,
alejandro_garnacho_ferreyra,MID,Aston Villa,1.4777044187985464,0.7388522093992732,0.5,
alex_cairns,GK,Leeds,0.3160369013158666,0.5056590421053865,1.5999999999999999,
alex_iwobi,MID,Fulham,3.0658160561449757,2.7182756704912845,0.8866401704182161,
alex_murphy,DEF,Newcastle,0.15529300713325367,0.31058601426650734,2.0,
alex_palmer,GK,Ipswich Town,-0.13963212767610633,-0.17376442555248786,1.2444444444444442,
alex_scott,MID,Bournemouth,3.8961256714403056,1.9480628357201528,0.5,14973.0
alex_toth,MID,Bournemouth,0.717942929617094,0.358971464808547,0.5,
alexander_isak,FWD,Liverpool,4.5541127656549545,9.108225531309909,2.0,14973.0
alexis_mac_allister,MID,Liverpool,2.2468022589460555,3.913848478676962,1.7419639236578368,
alfie_cresswell,MID,Leeds,0.18770401845159723,0.1810791721135921,0.9647058896625942,
alfie_mcnally,GK,Fulham,-0.045095285259106443,-0.022547642629553222,0.5,
ali_al_hamadi,FWD,Ipswich Town,0.1784039171290055,0.356807834258011,2.0,
alisson_becker,GK,Liverpool,2.6609754302779183,1.8922491948642974,0.7111111111111111,15210.0
altay_bayindir,GK,Man Utd,0.8148177655921055,0.40740888279605275,0.5,
alvaro_rodriguez,FWD,Bournemouth,1.0559852614836953,1.6473232225460899,1.559986945491592,50210.0
alysson_edward_franco_da_rocha_dos_santos,MID,Aston Villa,1.2513712876204204,0.6256856438102102,0.5,
amad_diallo,MID,Man Utd,0.5787499867619914,0.5944647507486768,1.027152940554879,
amadou_onana,MID,Aston Villa,0.258574302751877,0.1292871513759385,0.5,
amar_dedic,DEF,Newcastle,2.633978463189182,5.267956926378364,2.0,
amario_cozier_duberry,MID,Brighton,0.2939162965127058,0.5878325930254116,2.0,
amine_adli,MID,Bournemouth,0.2613507981412968,0.1306753990706484,0.5,
anan_khalaili,DEF,Crystal Palace,2.620249014214229,1.3101245071071146,0.5,
andres_garcia,DEF,Aston Villa,0.10110062220888838,0.05538433353152199,0.5478139730642806,
andrew_robertson,DEF,Spurs,2.6173897568267575,1.6269987843374891,0.6216111987501671,
andrey_nascimento_dos_santos,MID,Man Utd,1.470685020611281,1.51061844355089,1.027152940554879,
anis_mehmeti,MID,Ipswich Town,0.25583514287346976,0.3757621577277213,1.468766774991365,
anthony_elanga,MID,Newcastle,3.787095672816184,3.153052130959294,0.8325778917052289,14973.0
anthony_patterson,GK,Sunderland,0.40041286242883345,0.3737186716002446,0.9333333333333333,
antoine_semenyo,MID,Man City,4.895310856474846,4.811871891919341,0.9829553286804773,14970.0
anton_stach,MID,Leeds,4.38153980135054,4.226897252153939,0.9647058896625942,50210.0
antonee_robinson,DEF,Fulham,2.0809907406232235,2.0143820230787837,0.9679918241613649,50210.0
antoni_milambo,MID,Brentford,0.2181470161468524,0.2221978589061523,1.018569324627264,
antonin_kinsky,GK,Spurs,2.52763256650955,1.6850883776730332,0.6666666666666666,61014.0
antonio_joao_pereira_de_albuquerque_tavares_da_silva,DEF,Bournemouth,3.4299242348859793,2.661766149324588,0.7760422583833175,
archie_gray,MID,Spurs,2.0575614579886254,1.0287807289943127,0.5,
armin_pecsi,GK,Liverpool,-0.13596847135748336,-0.09668869074309928,0.7111111111111111,
arnaud_kalimuendo,FWD,Nott'm Forest,0.625416326944185,0.3127081634720925,0.5,
arthur_masuaku,DEF,Sunderland,0.1921237089908554,0.18297059463348628,0.9523582258251906,
ashley_phillips,DEF,Spurs,0.25980686500636807,0.1614988568001313,0.6216111987501671,
aurele_amenda,DEF,Coventry City,2.591650636109248,1.295825318054624,0.5,
axel_disasi,DEF,Crystal Palace,1.1621334743437095,0.5810667371718548,0.5,
ayden_heaven,DEF,Man Utd,1.5154388269165804,0.7577194134582902,0.5,
ayyoub_bouaddi,MID,Man City,1.5300570821168107,1.5039777620520216,0.9829553286804773,
azor_matusiwa,MID,Ipswich Town,0.19916474998922395,0.292526567533634,1.468766774991365,
bafode_diakite,DEF,Bournemouth,0.6020034292919126,0.4671801008221977,0.7760422583833175,
bart_verbruggen,GK,Brighton,2.3182286485864236,4.636457297172847,2.0,61014.0
bazoumana_toure,MID,Newcastle,0.899530694853744,0.7489293694454698,0.8325778917052289,
ben_davies,DEF,Spurs,0.13056790204507385,0.08116247010853275,0.6216111987501671,
ben_gannon_doak,MID,Bournemouth,0.5621059073994823,0.28105295369974115,0.5,
ben_johnson,DEF,Ipswich Town,0.1265098030084384,0.18023829329400395,1.42469823687878,
ben_wilson,GK,Coventry City,0.24305746362403235,0.12152873181201618,0.5,
bendito_mantato,MID,Man Utd,0.18706109478598942,0.19214035357284398,1.027152940554879,
benjamin_lecomte,GK,Fulham,-0.045095285259106443,-0.022547642629553222,0.5,
benjamin_sesko,FWD,Man Utd,2.11990126548249,2.3602023268325976,1.1133548365024515,50210.0
benjamin_white,DEF,Arsenal,3.8197710887082077,7.639542177416415,2.0,14971.0
benoit_badiashile_mukinayi,DEF,Chelsea,0.508068041197079,0.3175087902847126,0.6249336005008654,
bernd_leno,GK,Fulham,2.4493500452431833,1.2246750226215917,0.5,14973.0
bobby_thomas,DEF,Coventry City,2.686605243892722,1.343302621946361,0.5,
borna_sosa,DEF,Crystal Palace,0.38260061067421347,0.19130030533710674,0.5,
boubacar_kamara,MID,Aston Villa,2.5715423819066343,1.2857711909533172,0.5,
bradley_burrowes,MID,Aston Villa,0.17609325298421963,0.08804662649210981,0.5,
brandon_austin,GK,Spurs,-0.0566719961898563,-0.03778133079323753,0.6666666666666666,
brandon_thomas_asante,FWD,Coventry City,2.249300196805891,2.2515568507222357,1.001003269336636,
brenden_aaronson,MID,Leeds,1.5838159107996483,1.5279165372897467,0.9647058896625942,
brennan_johnson,MID,Everton,1.6896299392651533,2.219620547057381,1.3136725950906913,
brian_brobbey,FWD,Sunderland,2.658997403289682,2.2590862505365688,0.8496007734876508,
brian_madjo,FWD,Aston Villa,0.17595307577011443,0.1055726060952711,0.6000043229321176,61014.0
bruno_borges_fernandes,MID,Man Utd,7.087878099068964,7.280334831753211,1.027152940554879,14969.0
bruno_guimaraes_rodriguez_moura,MID,Arsenal,1.5161605537646439,1.6876409151413285,1.113101716669054,79641.0
bryan_mbeumo,MID,Man Utd,5.233785267106407,5.375897927341149,1.027152940554879,79641.0
bukayo_saka,MID,Arsenal,4.845755963145801,5.393819281136897,1.113101716669054,50210.0
caleb_yirenkyi,MID,Coventry City,2.1590840668380555,1.1571694064899192,0.5359538446247605,
callum_hudson_odoi,MID,Nott'm Forest,0.882939835260341,1.4057673128197041,1.5921439453518413,
callum_olusesi,MID,Spurs,0.1858998421551037,0.09294992107755184,0.5,
callum_wilson,FWD,Brentford,1.2705946620699746,0.6352973310349873,0.5,
calvin_bassey,DEF,Fulham,2.186177942942545,2.1162023749302947,0.9679918241613649,
calvin_ramsay,DEF,Liverpool,0.13416661197225288,0.11499916557962646,0.8571369872812287,
cameron_humphreys,MID,Ipswich Town,0.1166837002215666,0.17138114206848962,1.468766774991365,
caoimhin_kelleher,GK,Brentford,3.2744426842439704,6.548885368487941,2.0,14970.0
carl_rushworth,GK,Coventry City,3.2411081080694237,1.6205540540347119,0.5,14971.0
carlos_alcaraz_duran,MID,Everton,0.951231531401397,1.2496067943881657,1.3136725950906913,
carlos_baleba,MID,Man Utd,0.2695421445536468,0.27686100638174654,1.027152940554879,
cathal_mccarthy,DEF,Hull City,0.3931930785956408,0.4740378933707637,1.2056109814136977,
cedric_kipre,DEF,Ipswich Town,0.1265098030084384,0.18023829329400395,1.42469823687878,
cesar_palacios,MID,Fulham,2.188923710617445,1.9407876918143252,0.8866401704182161,
chadi_riad_dnanou,DEF,Crystal Palace,0.9111879290089976,0.4555939645044988,0.5,
charalampos_kostoulas,FWD,Brighton,2.4952306007173384,2.0578630518678853,0.8247185856394528,
charlie_hughes,DEF,Hull City,0.34587612509714516,0.4169920546259361,1.2056109814136977,
cheick_doucoure,MID,Crystal Palace,0.32981649285188075,0.3500283201143543,1.061282039256753,
chemsdine_talbi,MID,Sunderland,1.1394052490457987,0.5711962854174357,0.5013109127729465,
chido_obi,FWD,Man Utd,0.1357731339268855,0.15116367532459304,1.1133548365024515,
chiedozie_ogbene,MID,Ipswich Town,0.25583514287346976,0.3757621577277213,1.468766774991365,
chris_richards,DEF,Crystal Palace,3.086112185128962,1.543056092564481,0.5,14970.0
chris_rigg,MID,Sunderland,1.161183302931353,0.5821138614892214,0.5013109127729465,
chris_wood,FWD,Nott'm Forest,1.2395492156473942,0.6197746078236971,0.5,
christantus_uche,FWD,Crystal Palace,0.10423660271247415,0.07291901185351393,0.699552843780351,
christian_norgaard,MID,Everton,0.193316029603106,0.2539539702813412,1.3136725950906913,
christian_walton,GK,Ipswich Town,0.0005322987702205406,0.0006624162473855616,1.2444444444444442,
christos_tzolis,MID,Arsenal,2.260709059026609,2.5163991344917997,1.113101716669054,14971.0
chuba_akpom,FWD,Ipswich Town,2.2228143594205143,4.445628718841029,2.0,
claudio_echeverri,MID,Man City,0.3137863234274152,0.30843793868003344,0.9829553286804773,
cody_drameh,DEF,Hull City,1.9553814224152957,2.357429315716217,1.2056109814136977,
cody_gakpo,MID,Liverpool,4.400219282027174,7.665023245474925,1.7419639236578368,14974.0
cole_palmer,MID,Chelsea,5.190974092870292,4.609387555728842,0.8879619649922261,15210.0
conor_bradley,DEF,Liverpool,0.4399614913933365,0.37710726725264065,0.8571369872812287,
conor_gallagher,MID,Spurs,0.48265601341309394,0.24132800670654697,0.5,
cristhian_mosquera,DEF,Arsenal,3.0481395108846394,6.096279021769279,2.0,14969.0
cristian_romero,DEF,Spurs,0.4363627814661575,0.27124799167713537,0.6216111987501671,
curtis_jones,MID,Liverpool,0.38208274495178896,0.6655743575581748,1.7419639236578368,
daichi_kamada,MID,Crystal Palace,2.98094248539579,3.1636207198079376,1.061282039256753,
daizen_maeda,MID,Ipswich Town,2.3648563973105396,3.4734225039955,1.468766774991365,
dan_bentley,GK,Coventry City,0.09929007479826102,0.04964503739913051,0.5,
dan_burn,DEF,Newcastle,0.6125021377495233,1.2250042754990467,2.0,
dan_ndoye,MID,Nott'm Forest,3.0714242051998255,4.890149451915994,1.5921439453518413,
dane_scarlett,FWD,Spurs,0.07490417153927686,0.03952302267355763,0.5276478180235032,
dango_ouattara,MID,Brentford,2.6427524943167833,2.6918266232932635,1.018569324627264,14969.0
daniel_ballard,DEF,Sunderland,3.3357511424135122,3.1768300397832854,0.9523582258251906,14974.0
daniel_james,MID,Leeds,1.2764259016341066,1.2313755850243098,0.9647058896625942,
daniel_jebbison,FWD,Bournemouth,0.7115532789452639,1.110013826176349,1.559986945491592,
daniel_munoz_mejia,DEF,Crystal Palace,1.068933919170593,0.5344669595852966,0.5,14969.0
danny_welbeck,FWD,Chelsea,0.49196232824268127,0.6623052087837469,1.3462518789793123,
dara_o'shea,DEF,Ipswich Town,2.335060947157511,3.3267572144198,1.42469823687878,
dario_luis_essugo,MID,Chelsea,0.12036578447503676,0.10688023850028443,0.8879619649922261,
darko_gyabi,MID,Hull City,0.19543660516008443,0.2103108541790687,1.0761077946825806,
darnell_furlong,DEF,Ipswich Town,0.7112069386953339,1.0132552716151968,1.42469823687878,
david_akintola,MID,Hull City,0.37236830973481805,0.40070844059841515,1.0761077946825806,
david_brooks,MID,Bournemouth,0.8216187661838864,0.4108093830919432,0.5,
david_button,GK,Ipswich Town,-0.13963212767610633,-0.17376442555248786,1.2444444444444442,
david_raya_martin,GK,Arsenal,3.952638158167577,7.905276316335154,2.0,14972.0
dayann_methalie,DEF,Sunderland,0.36867962545064503,0.3511150739920721,0.9523582258251906,
dean_henderson,GK,Crystal Palace,2.6751917878971687,1.3375958939485844,0.5,15210.0
declan_rice,MID,Arsenal,3.9654986626604627,4.414003368856199,1.113101716669054,15210.0
dejan_kulusevski,MID,Spurs,0.6291648269942247,0.31458241349711236,0.5,
destiny_udogie,DEF,Spurs,1.5693966524455152,0.9755545344411561,0.6216111987501671,
diego_coppola,DEF,Brighton,0.3269009062220607,0.6538018124441214,2.0,
diego_gomez_amarilla,MID,Brighton,4.255993083206984,8.511986166413967,2.0,14972.0
dilane_bakwa,MID,Nott'm Forest,0.3917574899788485,0.6237343157160583,1.5921439453518413,
dillon_phillips,GK,Hull City,0.7658802034812661,1.3615648061889176,1.777777777777778,
diogo_dalot_teixeira,DEF,Man Utd,2.5248708808647002,1.2624354404323501,0.5,
divine_mukasa,MID,Man City,0.17463488077551204,0.1716582866317694,0.9829553286804773,
djed_spence,DEF,Spurs,0.25980686500636807,0.1614988568001313,0.6216111987501671,
djiamgone_jocelin_ta_bi,MID,Sunderland,0.32302239988042736,0.16193465413016475,0.5013109127729465,
dominic_calvert_lewin,FWD,Leeds,4.422266886586411,2.3833827226300124,0.5389504486622624,50210.0
dominic_solanke_mitchell,FWD,Spurs,1.9487125621519252,1.0282339313744537,0.5276478180235032,14971.0
dominik_szoboszlai,MID,Liverpool,4.603016653104007,8.01828894970342,1.7419639236578368,14974.0
dorde_petrovic,GK,Bournemouth,2.810990540895842,3.1233228232176025,1.1111111111111112,79641.0
dwight_mcneil,MID,Crystal Palace,1.8281063229036774,1.940136406349379,1.061282039256753,
eberechi_eze,MID,Arsenal,2.463861421236269,2.7425283776127465,1.113101716669054,
eddie_nketiah,FWD,Crystal Palace,1.5314826715858336,1.0713530581081991,0.699552843780351,
el_hadji_malick_diouf,DEF,Brentford,0.5018895586489909,1.0037791172979817,2.0,
eliot_matazo,MID,Hull City,0.19543660516008443,0.2103108541790687,1.0761077946825806,
elliot_anderson,MID,Man City,3.34970657631652,3.2926119287063615,0.9829553286804773,14971.0
elliot_stroud,MID,Hull City,1.561693661457902,1.6805507220012275,1.0761077946825806,
ellis_simms,FWD,Coventry City,0.9942190585148134,0.9952165280101204,1.001003269336636,14970.0
emersonn_correia_da_silva,FWD,Ipswich Town,1.9871691423101847,3.9743382846203694,2.0,
emile_smith_rowe,MID,Fulham,1.2389259465935147,1.0984815124232237,0.8866401704182161,
emiliano_buendia_stati,MID,Aston Villa,3.141795545284799,1.5708977726423996,0.5,14972.0
emiliano_martinez_romero,GK,Chelsea,2.4447527744832263,1.303868146391054,0.5333333333333333,79641.0
emmanuel_emegha,FWD,Chelsea,0.3106415583079791,0.4182017815611785,1.3462518789793123,
endo_wataru,MID,Liverpool,0.2618214332613009,0.4560834911815742,1.7419639236578368,
enes_unal,FWD,Bournemouth,0.23307644750215784,0.3635962154049226,1.559986945491592,
enis_destan,FWD,Hull City,0.007667713190561143,0.006316780663586292,0.8238154592639392,
enzo_fernandez,MID,Chelsea,1.3785027603948916,1.2240580198674558,0.8879619649922261,14970.0
enzo_le_fee,MID,Sunderland,3.5653520011528674,1.7873498660547953,0.5013109127729465,61014.0
ephron_mason_clark,MID,Coventry City,1.071515414338597,0.5742828058894642,0.5359538446247605,
erling_haaland,FWD,Man City,5.934436630089714,10.758991333160198,1.812976025155997,14974.0
estevao_almeida_de_oliveira_goncalves,MID,Chelsea,0.9863338637393889,0.8758269557844024,0.8879619649922261,50210.0
ethan_ampadu,MID,Leeds,3.45216280083321,3.330321786037915,0.9647058896625942,61014.0
ethan_nwaneri,MID,Arsenal,0.41897006053788655,0.466356293617659,1.113101716669054,
ethan_pinnock,DEF,Coventry City,1.0114712095902485,0.5057356047951242,0.5,
evan_ferguson,FWD,Brighton,0.21283776687428446,0.17553126206721945,0.8247185856394528,
evann_guessand,MID,Crystal Palace,2.0491527901959934,2.1747290519278692,1.061282039256753,
ewen_jaouen,GK,Newcastle,0.3889019965844933,0.5531050618090572,1.4222222222222223,
exequiel_palacios,MID,Ipswich Town,1.6275156373317534,2.3904408938917756,1.468766774991365,
ezri_konsa_ngoyo,DEF,Arsenal,0.9669549595976141,1.9339099191952283,2.0,50210.0
fabian_schar,DEF,Newcastle,0.8039176668956278,1.6078353337912556,2.0,
fabio_ferreira_vieira,MID,Arsenal,0.41897006053788655,0.466356293617659,1.113101716669054,
fabio_freitas_gouveia_carvalho,MID,Brentford,0.25970530426196614,0.264527856364229,1.018569324627264,
facundo_buonanotte,MID,Brighton,0.15224031430209095,0.3044806286041819,2.0,
federico_chiesa,MID,Liverpool,0.4009728759132043,0.6984802842061323,1.7419639236578368,
felipe_rodrigues_da_silva,DEF,Nott'm Forest,0.46624019169648423,0.9324803833929685,2.0,
ferdi_kadioglu,DEF,Brighton,1.2238008181969195,2.447601636393839,2.0,
filip_jorgensen,GK,Chelsea,0.9108136166683595,0.48576726222312505,0.5333333333333333,
florentino_ibrain_morris_luis,MID,Ipswich Town,0.25583514287346976,0.3757621577277213,1.468766774991365,
florian_wirtz,MID,Liverpool,3.5404766618324652,6.167382617464681,1.7419639236578368,61014.0
francisco_evanilson_de_lima_barbosa,FWD,Bournemouth,3.457802235404758,5.394126347323067,1.559986945491592,15210.0
frank_onyeka,MID,Coventry City,1.318825192828497,0.7068294324844241,0.5359538446247605,
fraser_forster,GK,Bournemouth,0.11098933107855657,0.12332147897617397,1.1111111111111112,
freddie_woodman,GK,Liverpool,-0.13837044627711315,-0.09839676179705824,0.7111111111111111,
gabriel_dos_santos_magalhaes,DEF,Arsenal,4.951943246671305,9.90388649334261,2.0,14972.0
gabriel_fernando_de_jesus,FWD,Arsenal,0.40093448645694596,0.4229146831154472,1.0548224146362166,
gabriel_gudmundsson,DEF,Leeds,0.37030243364715876,0.28117079280301716,0.7593004184005165,
gabriel_martinelli_silva,MID,Arsenal,0.6563954050928531,0.7306348522225339,1.113101716669054,
george_hemmings,MID,Aston Villa,2.079601312161326,1.039800656080663,0.5,
george_hirst,FWD,Ipswich Town,0.13619638068874718,0.27239276137749435,2.0,
george_shepherd,MID,Coventry City,0.24633250779273363,0.13202285460757437,0.5359538446247605,
georginio_rutter,FWD,Brighton,1.5696941467914751,1.294555936628393,0.8247185856394528,14972.0
geovany_quenda,MID,Chelsea,0.7645300626653792,0.6788736167399798,0.8879619649922261,
geronimo_rulli,GK,Man City,0.9190731878879304,1.4705171006206885,1.5999999999999999,
gianluigi_donnarumma,GK,Man City,4.6927246632080895,7.508359461132942,1.5999999999999999,14969.0
giorgi_mamardashvili,GK,Liverpool,0.14243880159946642,0.10128981447073168,0.7111111111111111,14969.0
giovanni_leoni,DEF,Liverpool,0.08684965847375725,0.07444205461059993,0.8571369872812287,
gonzalo_garcia,FWD,Fulham,3.4058458623913355,2.064244809583756,0.6060887347774436,14973.0
granit_xhaka,MID,Sunderland,3.4437075041088185,1.7263681522078371,0.5013109127729465,50210.0
guglielmo_vicario,GK,Spurs,0.08805618260376713,0.05870412173584475,0.6666666666666666,
gustavo_hamer,MID,Coventry City,1.6080669620947192,0.8618496707487238,0.5359538446247605,
habib_diarra,MID,Sunderland,1.908478151651869,0.9567409242118242,0.5013109127729465,
haji_wright,FWD,Coventry City,0.11401883846279182,0.11413323006722038,1.001003269336636,14973.0
hakon_rafn_valdimarsson,GK,Brentford,0.18056784633397283,0.36113569266794565,2.0,
harrison_armstrong,MID,Everton,3.262186944744535,4.285445589373527,1.3136725950906913,
harrison_reed,MID,Fulham,0.1860309804794047,0.1649425402353272,0.8866401704182161,
harry_amass,DEF,Man Utd,0.3701864259732188,0.1850932129866094,0.5,
harry_howell,MID,Brighton,0.031979002611603136,0.06395800522320627,2.0,
harry_maguire,DEF,Man Utd,3.3086294275905055,1.6543147137952527,0.5,14974.0
harry_wilson,MID,Leeds,2.8718088943492144,2.77045095436411,0.9647058896625942,15210.0
harvey_barnes,MID,Newcastle,3.252508429768432,2.7079666112100855,0.8325778917052289,
harvey_cartwright,GK,Hull City,0.7682821784008959,1.3658349838238149,1.777777777777778,
harvey_davies,GK,Liverpool,-0.13837044627711315,-0.09839676179705824,0.7111111111111111,
harvey_elliott,MID,Liverpool,0.4009728759132043,0.6984802842061323,1.7419639236578368,
hayden_hackney,MID,Everton,2.1040021945127574,2.7639700229420834,1.3136725950906913,
hidemasa_morita,MID,Hull City,0.4630918862319571,0.4983367884284678,1.0761077946825806,
hugo_ekitike,FWD,Liverpool,0.5774858257322806,1.1549716514645612,2.0,
ian_maatsen,DEF,Aston Villa,2.3004501157278106,1.260218717733036,0.5478139730642806,
ibrahim_osman,MID,Brighton,1.3342100551153424,2.668420110230685,2.0,
ibrahim_sangare,MID,Nott'm Forest,1.181565771682348,1.8812227894190265,1.5921439453518413,
igor_jesus_maciel_da_cruz,FWD,Nott'm Forest,3.7951782464572448,1.8975891232286224,0.5,15210.0
igor_julio_dos_santos_de_paulo,DEF,Brighton,0.3269009062220607,0.6538018124441214,2.0,
igor_thiago_nascimento_rodrigues,FWD,Brentford,3.882077030530724,1.941038515265362,0.5,79641.0
ilia_gruev,MID,Leeds,0.2701850682192546,0.2606491266100047,0.9647058896625942,
iliman_ndiaye,MID,Everton,4.816008019016855,6.326657752319451,1.3136725950906913,14969.0
illan_meslier,GK,Arsenal,0.6082342241948728,1.2164684483897457,2.0,
ismaila_sarr,MID,Crystal Palace,0.7063932800587506,0.7496825007780175,1.061282039256753,14971.0
issa_diop,DEF,Ipswich Town,2.1680020269547056,3.08874866535199,1.42469823687878,
jack_butland,GK,Hull City,0.9106083822748895,1.6188593462664704,1.777777777777778,
jack_clarke,MID,Ipswich Town,1.2055816703769877,1.7707183019883113,1.468766774991365,
jack_fletcher,MID,Man Utd,0.3262125374378926,0.3350701670751999,1.027152940554879,
jack_grealish,MID,Man City,1.0602375393041474,1.0421661389260888,0.9829553286804773,
jack_harrison,MID,Leeds,0.2701850682192546,0.2606491266100047,0.9647058896625942,
jack_hinshelwood,MID,Brighton,1.779627843054349,3.559255686108698,2.0,79641.0
jack_rudoni,MID,Coventry City,2.4305111570858866,1.3026417990435561,0.5359538446247605,
jack_taylor,MID,Ipswich Town,0.07890343829873614,0.11589074860576484,1.468766774991365,
jacob_greaves,DEF,Ipswich Town,2.532813195083044,3.608494493378122,1.42469823687878,
jacob_murphy,MID,Newcastle,1.5108682288014672,1.257915484579939,0.8325778917052289,
jacob_ramsey,MID,Newcastle,1.4585760531835759,1.2143781752513154,0.8325778917052289,
jaden_philogene,MID,Ipswich Town,0.39498658552537314,0.5801431733869533,1.468766774991365,
jahnoah_markelo,FWD,Coventry City,0.02486586551116443,0.024890812671560698,1.001003269336636,
jaidon_anthony,MID,Brentford,2.522393721905494,2.56923286976533,1.018569324627264,
jair_paula_da_cunha_filho,DEF,Nott'm Forest,2.342291331659607,4.684582663319214,2.0,
jaka_bijol,DEF,Leeds,2.4931531563101244,1.8930522347228458,0.7593004184005165,15210.0
jake_bidwell,DEF,Coventry City,0.24982052907699748,0.12491026453849874,0.5,
jake_o'brien,DEF,Everton,0.5010050775796125,1.002010155159225,2.0,
james_garner,MID,Everton,1.5276486343141804,2.00683014582626,1.3136725950906913,
james_hill,DEF,Bournemouth,3.76577270868256,2.9223987574042765,0.7760422583833175,14969.0
james_justin,DEF,Leeds,3.2939829132967953,2.501122604270409,0.7593004184005165,14970.0
james_maddison,MID,Spurs,1.291236876454366,0.645618438227183,0.5,
james_mcatee,MID,Nott'm Forest,2.865243567691399,4.56188019825817,1.5921439453518413,
james_mcconnell,MID,Liverpool,0.12266999060939776,0.21368669815701652,1.7419639236578368,
james_rowswell,DEF,Spurs,0.13056790204507385,0.08116247010853275,0.6216111987501671,
james_tarkowski,DEF,Everton,3.8519339457501274,7.703867891500255,2.0,14973.0
james_trafford,GK,Leeds,3.5828377458644285,5.732540393383085,1.5999999999999999,50210.0
jamie_bynoe_gittens,MID,Chelsea,0.5264860338538975,0.46749957316187046,0.8879619649922261,
jan_paul_van_hecke,DEF,Spurs,2.8613554464177917,1.778650589098083,0.6216111987501671,14970.0
jannik_schuster,DEF,Brentford,0.3812313272278274,0.7624626544556548,2.0,
jaouen_hadjam,DEF,Brighton,0.4475591376432242,0.8951182752864484,2.0,
jarrad_branthwaite,DEF,Everton,3.806621286504569,7.613242573009138,2.0,61014.0
jason_steele,GK,Brighton,-0.13565401976291436,-0.2713080395258287,2.0,
jay_dasilva,DEF,Coventry City,2.622545436980519,1.3112727184902595,0.5,
jaydee_canvot,DEF,Crystal Palace,2.415041310409387,1.2075206552046935,0.5,
jayden_bogle,DEF,Leeds,2.4406144006069814,1.8531595355352068,0.7593004184005165,
jayden_danns,FWD,Liverpool,0.042567988022515824,0.08513597604503165,2.0,
jayden_lienou,DEF,Leeds,0.24106347068586476,0.18303959415285775,0.7593004184005165,
jean_philippe_mateta,FWD,Crystal Palace,1.365542970939027,0.9552694686246656,0.699552843780351,79641.0
jefferson_lerma_solis,MID,Crystal Palace,0.32981649285188075,0.3500283201143543,1.061282039256753,
jens_hjerto_dahl,MID,Hull City,0.37236830973481805,0.40070844059841515,1.0761077946825806,
jenson_seelt,DEF,Sunderland,0.4491184463980875,0.4277216467970486,0.9523582258251906,
jeremie_frimpong,DEF,Liverpool,2.0978417284128215,1.7981377388846114,0.8571369872812287,14969.0
jeremy_doku,MID,Man City,0.858422488995609,0.8437909598173923,0.9829553286804773,79641.0
jeremy_jacquet,DEF,Liverpool,2.261469426173192,1.9383890907786987,0.8571369872812287,14973.0
jeremy_monga,MID,Man City,0.3137863234274152,0.30843793868003344,0.9829553286804773,
jesurun_rak_sakyi,MID,Crystal Palace,0.32981649285188075,0.3500283201143543,1.061282039256753,
joachim_andersen,DEF,Fulham,1.6499446895769527,1.5971329698289514,0.9679918241613649,
joao_gomes,MID,Aston Villa,-0.5989573996858313,-0.29947869984291564,0.5,
joao_pedro_junqueira_de_jesus,FWD,Chelsea,5.970894884905855,8.038328457992472,1.3462518789793123,61014.0
joao_pedro_loureiro_da_costa,DEF,Brighton,1.51688839223472,3.03377678446944,2.0,
joao_victor_de_souza_menezes,DEF,Spurs,0.13056790204507385,0.08116247010853275,0.6216111987501671,
joe_gelhardt,MID,Hull City,0.31569791685057225,0.339724989087954,1.0761077946825806,
joe_gomez,DEF,Liverpool,0.4399614913933365,0.37710726725264065,0.8571369872812287,
joe_rodon,DEF,Leeds,1.433672024358768,1.088587767944728,0.7593004184005165,
joe_willock,MID,Newcastle,2.662604483685959,2.216825627472145,0.8325778917052289,
joel_drakes_thomas,MID,Crystal Palace,0.1906650501999776,0.2023493932912234,1.061282039256753,
joel_latibeaudiere,DEF,Coventry City,0.24982052907699748,0.12491026453849874,0.5,
joel_piroe,FWD,Leeds,0.1322004263153771,0.07124947907601484,0.5389504486622624,
joelinton_cassio_apolinario_de_lira,MID,Newcastle,0.33842809170896837,0.28176774708887675,0.8325778917052289,
johan_manzambi,MID,Aston Villa,0.49909692613285284,0.24954846306642642,0.5,
john_egan,DEF,Hull City,3.5105473851698594,4.232354478333924,1.2056109814136977,
john_mcginn,MID,Aston Villa,2.594822189361676,1.297411094680838,0.5,
john_victor_maciel_furtado,GK,Nott'm Forest,-0.18004911663278533,-0.2880785866124565,1.5999999999999999,
jonah_kusi_asare,FWD,Fulham,0.04348287796697803,0.026354482491487693,0.6060887347774436,
jordan_henderson,MID,Chelsea,0.24440512235780765,0.21702245270300433,0.8879619649922261,
jordan_pickford,GK,Everton,2.785699476196842,5.571398952393684,2.0,14973.0
jorge_cuenca_barreno,DEF,Fulham,1.5350179911026103,1.4858848653279295,0.9679918241613649,
jorgen_strand_larsen,FWD,Crystal Palace,2.081765299885788,1.4563048356183583,0.699552843780351,
jorrel_hato,DEF,Chelsea,2.6847901174592588,1.677815554692956,0.6249336005008654,
josh_acheampong,DEF,Chelsea,2.650183334873704,1.6561886134500146,0.6249336005008654,
josh_dasilva,MID,Brentford,0.2748174090310984,0.2799205827126205,1.018569324627264,
josh_eccles,MID,Coventry City,0.3854839504446368,0.20660160528194374,0.5359538446247605,
josh_king,MID,Fulham,3.662240358355505,3.2470894154447936,0.8866401704182161,
joshua_zirkzee,FWD,Man Utd,0.3381976720817168,0.3765340139060495,1.1133548365024515,
josko_gvardiol,DEF,Man City,3.742057016619308,7.484114033238616,2.0,14971.0
juanlu_sanchez,DEF,Bournemouth,0.4017890360828751,0.31180527095541066,0.7760422583833175,
jules_ahoka,MID,Sunderland,0.24054135011277022,0.12058600378466973,0.5013109127729465,
julian_araujo_zuniga,DEF,Bournemouth,0.3213502151354326,0.24938134668566606,0.7760422583833175,
julio_enciso,MID,Ipswich Town,3.4473227924679075,5.063313180247316,1.468766774991365,
julio_soler_barreto,DEF,Bournemouth,0.18264786147443957,0.14174245890750742,0.7760422583833175,
jun'ai_byfield,DEF,Spurs,0.13056790204507385,0.08116247010853275,0.6216111987501671,
junior_kroupi,MID,Bournemouth,0.8626573565937363,0.43132867829686816,0.5,
jurrien_timber,DEF,Arsenal,1.0543455824347556,2.1086911648695112,2.0,
justin_devenny,MID,Crystal Palace,0.32981649285188075,0.3500283201143543,1.061282039256753,
justin_kluivert,MID,Bournemouth,3.6839771701719854,1.8419885850859927,0.5,14969.0
kaden_braithwaite,DEF,Man City,0.9151315376241491,1.8302630752482982,2.0,
kai_andrews,MID,Coventry City,0.20855224586990317,0.11177437797910293,0.5359538446247605,
kai_havertz,FWD,Arsenal,4.3086524766745224,4.544863209274134,1.0548224146362166,14972.0
kaine_andrews,MID,Coventry City,0.30300290067697966,0.1623955695502817,0.5359538446247605,
kaine_kesler_hayden,DEF,Coventry City,0.24982052907699748,0.12491026453849874,0.5,
kalvin_phillips,MID,Man City,0.2571159305431694,0.25273347401604784,0.9829553286804773,
karl_darlow,GK,Man Utd,0.8114550007046241,0.40572750035231203,0.5,
kasey_mcateer,MID,Ipswich Town,1.1726253999144494,1.7223132269053056,1.468766774991365,
kaye_furo,FWD,Brentford,0.07007488287359198,0.03503744143679599,0.5,
kayne_van_oevelen,GK,Ipswich Town,0.0005322987702205406,0.0006624162473855616,1.2444444444444442,
keane_lewis_potter,MID,Brentford,3.3355781004728664,3.3975175330401397,1.018569324627264,
kenny_tete,DEF,Fulham,0.38395832206196534,0.3716685165746987,0.9679918241613649,
kepa_arrizabalaga_revuelta,GK,Arsenal,0.6082342241948728,1.2164684483897457,2.0,
kevin_danso,DEF,Spurs,0.5404600791628479,0.3359560376850281,0.6216111987501671,
kevin_santos_lopes_de_macedo,MID,Fulham,1.4563014577860942,1.291215372711759,0.8866401704182161,
kevin_schade,MID,Brentford,3.7493338112924475,3.818956407970314,1.018569324627264,14973.0
kieran_dowell,MID,Hull City,0.2332168670829149,0.25096648851937603,1.0761077946825806,
kiernan_dewsbury_hall,MID,Everton,3.6364636557025563,4.777122647539759,1.3136725950906913,15210.0
kim_ji_soo,DEF,Brentford,0.3812313272278274,0.7624626544556548,2.0,
kjell_scherpen,GK,Ipswich Town,1.8293573084671937,2.2765335394258406,1.2444444444444442,
kobbie_mainoo,MID,Man Utd,3.0859578459078785,3.1697506758526774,1.027152940554879,
konstantinos_tzolakis,GK,Hull City,4.2653933158714326,7.582921450438103,1.777777777777778,
kosta_nedeljkovic,DEF,Aston Villa,0.05378366871039275,0.029463445242213285,0.5478139730642806,
kostas_tsimikas,DEF,Liverpool,1.3433625937365485,1.1514457664216424,0.8571369872812287,
kristoffer_ajer,DEF,Brentford,4.025702159241597,8.051404318483193,2.0,
lamare_bogarde,MID,Aston Villa,0.7690014594164185,0.38450072970820925,0.5,
leif_davis,DEF,Ipswich Town,2.3555220273591226,3.3559080793076714,1.42469823687878,
leny_yoro,DEF,Man Utd,1.3280326264774653,0.6640163132387327,0.5,
leo_fuhr_hjelde,DEF,Sunderland,0.1921237089908554,0.18297059463348628,0.9523582258251906,
leo_shahar,DEF,Newcastle,0.2026099606317493,0.4052199212634986,2.0,
leon_bailey,MID,Aston Villa,0.45439613828802616,0.22719806914401308,0.5,
leon_goretzka,MID,Aston Villa,0.7068883667084215,0.35344418335421074,0.5,
levi_samuels_colwill,DEF,Chelsea,2.2759896277321974,1.4223423927613066,0.6249336005008654,14971.0
lewie_coyle,DEF,Hull City,0.9242235342486099,1.114254042171103,1.2056109814136977,
lewis_cook,MID,Bournemouth,2.2812794574107866,1.1406397287053933,0.5,
lewis_dunk,DEF,Brighton,2.1685395652569914,4.337079130513983,2.0,
lewis_hall,DEF,Newcastle,3.7259978793229083,7.4519957586458165,2.0,14973.0
lewis_koumas,MID,Liverpool,0.7024257887290166,1.2236003830128486,1.7419639236578368,
lewis_miley,MID,Newcastle,3.1149564329444424,2.593443859694524,0.8325778917052289,
liam_delap,FWD,Nott'm Forest,1.4343888757831833,0.7171944378915917,0.5,14974.0
liam_kitching,DEF,Coventry City,0.24982052907699748,0.12491026453849874,0.5,
liam_millar,MID,Hull City,2.32881729416185,2.506058442639163,1.0761077946825806,
lisandro_martinez,DEF,Man Utd,1.8386608913103615,0.9193304456551807,0.5,
loum_tchaouna,MID,Coventry City,2.033552600442173,1.0898903344536621,0.5359538446247605,
luc_de_fougerolles,DEF,Fulham,0.17428053815322886,0.16870213604276835,0.9679918241613649,
luca_netz,DEF,Nott'm Forest,1.1362707004825139,2.2725414009650278,2.0,
luca_williams_barnett,MID,Spurs,0.1858998421551037,0.09294992107755184,0.5,
lucas_bergvall,MID,Spurs,0.5415008148972331,0.27075040744861656,0.5,
lucas_digne,DEF,Aston Villa,0.23033958517018238,0.12618324330605585,0.5478139730642806,
lucas_estella_perri,GK,Leeds,0.4598042901416377,0.7356868642266202,1.5999999999999999,
lucas_gourna_douath,MID,Hull City,1.590757564424223,1.7118266145271837,1.0761077946825806,
lucas_herrington,DEF,Hull City,1.7414525362223372,2.0995143012803847,1.2056109814136977,
luka_lynch,MID,Aston Villa,0.17609325298421963,0.08804662649210981,0.5,
luka_vuskovic,DEF,Brighton,2.5806042086735985,5.161208417347197,2.0,50210.0
lukas_hornicek,GK,Newcastle,2.8345888128231596,4.031415200459604,1.4222222222222223,14972.0
lukas_nmecha,FWD,Leeds,1.3720172394919172,0.7394493067965275,0.5389504486622624,
luke_o'nien,DEF,Sunderland,0.7608335396382506,0.7245860799581841,0.9523582258251906,
luke_shaw,DEF,Man Utd,2.569692814692185,1.2848464073460926,0.5,14969.0
luke_woolfenden,DEF,Coventry City,0.24982052907699748,0.12491026453849874,0.5,
macauley_zepa,MID,Fulham,0.24270137336365072,0.21518878703988237,0.8866401704182161,
malick_thiaw,DEF,Newcastle,2.8937853747988265,5.787570749597653,2.0,14974.0
malick_yalcouye,MID,Brighton,2.132979428906201,4.265958857812402,2.0,
malo_gusto,DEF,Chelsea,2.7267347970697484,1.7040281943437945,0.6249336005008654,
mamadou_sangare,MID,Brentford,4.445908554746124,4.528466073962335,1.018569324627264,14974.0
mamadou_sarr,DEF,Chelsea,0.508068041197079,0.3175087902847126,0.6249336005008654,
manuel_ugarte_ribeiro,MID,Man Utd,0.2695421445536468,0.27686100638174654,1.027152940554879,
marc_guehi,DEF,Man City,3.7971700953742715,7.594340190748543,2.0,14970.0
marc_guiu_paz,FWD,Chelsea,0.3106415583079791,0.4182017815611785,1.3462518789793123,
marcelino_nunez,MID,Ipswich Town,2.245950406944773,3.2987773359988184,1.468766774991365,
marco_bizot,GK,Aston Villa,0.49726355316801873,0.5967162638016225,1.2,
marco_palestra,DEF,Chelsea,0.8990334369154548,0.5618362027022429,0.6249336005008654,
marcos_senesi_baron,DEF,Spurs,1.776828236280883,1.1044963299277049,0.6216111987501671,14974.0
marcus_bettinelli,GK,Man City,0.7784283664576777,1.2454853863322841,1.5999999999999999,
marcus_rashford,MID,Man Utd,3.758181253562145,3.8602269257345783,1.027152940554879,14972.0
marcus_tavernier,MID,Bournemouth,3.3070477975570407,1.6535238987785204,0.5,15210.0
mark_gillespie,GK,Newcastle,0.3889019965844933,0.5531050618090572,1.4222222222222223,
mark_travers,GK,Everton,0.10533829676576456,0.21067659353152912,2.0,
martin_dubravka,GK,Spurs,-0.0566719961898563,-0.03778133079323753,0.6666666666666666,
martin_odegaard,MID,Arsenal,3.2083739681441195,3.5712465716575243,1.113101716669054,14972.0
martin_zubimendi_ibanez,MID,Arsenal,1.3734654327631295,1.5288067309942446,1.113101716669054,
mason_burstow,FWD,Hull City,0.007667713190561143,0.006316780663586292,0.8238154592639392,
mason_mount,MID,Man Utd,0.4275837181669653,0.439193873448587,1.027152940554879,
mateo_joseph_fernandez_regatillo,FWD,Leeds,0.04304745336374971,0.02320044430416072,0.5389504486622624,
mateo_kovacic,MID,Man City,1.699623852160027,1.6706543222331385,0.9829553286804773,
mateus_fernandes,MID,Spurs,3.045246200859258,1.522623100429629,0.5,
matheus_franca_de_oliveira,MID,Crystal Palace,0.32981649285188075,0.3500283201143543,1.061282039256753,
matheus_nunes,DEF,Man City,1.9056098315131964,3.811219663026393,2.0,14973.0
matheus_santos_carneiro_da_cunha,MID,Man Utd,4.376113693564896,4.494938048547656,1.027152940554879,14973.0
mathias_jensen,MID,Brentford,1.7361525371790858,1.7683917172444124,1.018569324627264,
mathys_tel,MID,Spurs,2.9155030997238756,1.4577515498619378,0.5,
mats_wieffer,DEF,Brighton,1.9499207125353506,3.899841425070701,2.0,
matt_crooks,MID,Hull City,1.1196220368540029,1.20483400095698,1.0761077946825806,
matt_grimes,MID,Coventry City,2.7215725575019896,1.4586372756184334,0.5359538446247605,
matt_o'riley,MID,Brighton,0.34806214983824013,0.6961242996764803,2.0,
matt_targett,DEF,Hull City,0.6648577447547258,0.8015597981542427,1.2056109814136977,
matteo_ruggeri,DEF,Aston Villa,0.6015223953136433,0.3295223732639097,0.5478139730642806,
matthijs_de_ligt,DEF,Man Utd,0.6759813053943025,0.33799065269715123,0.5,
matty_cash,DEF,Aston Villa,1.7777795511750987,0.9738924791616643,0.5478139730642806,
matty_jacob,DEF,Hull City,0.34587612509714516,0.4169920546259361,1.2056109814136977,
matz_sels,GK,Nott'm Forest,3.097835191518578,4.956536306429724,1.5999999999999999,50210.0
max_alleyne,DEF,Man City,0.681278911441245,1.36255782288249,2.0,
max_dowman,MID,Arsenal,0.4045387031350278,0.4502927249186723,1.113101716669054,
maxence_lacroix,DEF,Chelsea,4.0768250339050205,2.5477449470503273,0.6249336005008654,14974.0
maxim_de_cuyper,DEF,Brighton,2.261540473970466,4.523080947940932,2.0,14971.0
melker_ellborg,GK,Sunderland,0.5381753139555305,0.5022969596918285,0.9333333333333333,14974.0
merlin_rohl,MID,Everton,2.548722387309253,3.348186752702288,1.3136725950906913,
michael_kayode,DEF,Brentford,3.2139486474111814,6.427897294822363,2.0,79641.0
michael_keane,DEF,Everton,0.5010050775796125,1.002010155159225,2.0,79641.0
michael_svoboda,DEF,Brighton,0.5271152994310982,1.0542305988621965,2.0,
michele_di_gregorio,GK,Bournemouth,0.2437076352740315,0.2707862614155906,1.1111111111111112,
micky_van_de_ven,DEF,Spurs,1.7462997256104158,1.0855194658137786,0.6216111987501671,50210.0
miguel_brau,DEF,Coventry City,0.24982052907699748,0.12491026453849874,0.5,
mike_penders,GK,Chelsea,0.7639236604470695,0.4074259522384371,0.5333333333333333,
mikel_merino_zazon,MID,Arsenal,1.796607657880297,1.999807068167327,1.113101716669054,
mikey_moore,MID,Spurs,2.103337375275947,1.0516686876379735,0.5,
mikkel_damsgaard,MID,Brentford,2.422173267471314,2.4671513891784693,1.018569324627264,50210.0
milan_van_ewijk,DEF,Coventry City,2.7662605699315352,1.3831302849657676,0.5,
milos_kerkez,DEF,Liverpool,2.0168218616581197,1.7286926143845598,0.8571369872812287,15210.0
mitoma_kaoru,MID,Brighton,0.3927629376830668,0.7855258753661336,2.0,
mohamed_ali_cho,MID,Hull City,1.2143386925799777,1.306759332469968,1.0761077946825806,
mohamed_belloumi,MID,Hull City,3.225733080059086,3.471236511017031,1.0761077946825806,
mohammed_kudus,MID,Spurs,1.575074012408602,0.787537006204301,0.5,
moises_caicedo_corozo,MID,Chelsea,1.0088690372663458,0.8958373327508399,0.8879619649922261,61014.0
morgan_gibbs_white,MID,Nott'm Forest,4.120384894131582,6.5602458617107855,1.5921439453518413,14971.0
morgan_rogers,MID,Chelsea,5.018555417448054,4.456286329899556,0.8879619649922261,14970.0
murillo_costa_dos_santos,DEF,Nott'm Forest,3.26149875297539,6.52299750595078,2.0,15210.0
mykhailo_mudryk,MID,Chelsea,0.3986686697788435,0.3540026153976588,0.8879619649922261,
myles_lewis_skelly,MID,Arsenal,2.8415054486217204,3.1628845927853075,1.113101716669054,
nathan_collins,DEF,Brentford,4.05735427402624,8.11470854805248,2.0,14972.0
nathan_patterson,DEF,Everton,0.300790684370575,0.60158136874115,2.0,
neco_williams,DEF,Nott'm Forest,3.576188096428697,7.152376192857394,2.0,14971.0
nehemiah_oriola,MID,Brighton,0.0697592645344336,0.1395185290688672,2.0,
nick_pope,GK,Newcastle,0.529546818014746,0.7531332522876388,1.4222222222222223,
nick_woltemade,FWD,Newcastle,1.373042585438006,1.417575096771092,1.0324334523964382,14970.0
nico_elvedi,DEF,Leeds,1.8386322002933593,1.3960741989674101,0.7593004184005165,
nico_gonzalez_iglesias,MID,Newcastle,1.680430885562171,1.3990896038577032,0.8325778917052289,
nico_o'reilly,DEF,Man City,3.7743079292615915,7.548615858523183,2.0,14972.0
nicolas_dominguez,MID,Nott'm Forest,0.6067805273730364,0.9660819428143772,1.5921439453518413,
nicolas_jackson,FWD,Aston Villa,1.6995267234675338,1.019723381019178,0.6000043229321176,14969.0
nicolo_savona,DEF,Nott'm Forest,0.1855869775400043,0.3711739550800086,2.0,
nikola_milenkovic,DEF,Nott'm Forest,3.535401341777682,7.070802683555364,2.0,14972.0
nilson_angulo,MID,Sunderland,1.9817009809856905,0.9934483276209799,0.5013109127729465,
noah_okafor,MID,Leeds,2.325719330479704,2.2436351358159157,0.9647058896625942,
noah_sadiki,MID,Sunderland,2.975221736372377,1.4915111243627472,0.5013109127729465,
nobel_mendy,DEF,Hull City,2.192279745913496,2.643036536004142,1.2056109814136977,
noni_madueke,MID,Arsenal,1.2870692727348594,1.4326390169531629,1.113101716669054,
norberto_bercique_gomes_betuncal,FWD,Everton,1.773473444242934,2.7929418973493303,1.5748428071566587,15210.0
nordi_mukiele,DEF,Sunderland,2.796139539840674,2.662926491322329,0.9523582258251906,79641.0
norman_bassette,FWD,Coventry City,-0.06428710744046295,-0.064351604724099,1.001003269336636,
noussair_mazraoui,DEF,Man Utd,1.7657669669605238,0.8828834834802619,0.5,
ola_aina,DEF,Nott'm Forest,2.477194827589476,4.954389655178952,2.0,
oli_mcburnie,FWD,Hull City,3.895355060583673,3.209053718230848,0.8238154592639392,61014.0
oliver_dovin,GK,Coventry City,0.10289303717770548,0.05144651858885274,0.5,
olivier_boscagli,DEF,Brighton,2.4140227092296125,4.828045418459225,2.0,
ollie_watkins,FWD,Aston Villa,0.6863901845602327,0.4118370779543137,0.6000043229321176,
omar_alderete,DEF,Sunderland,1.293649462337649,1.2320177067915952,0.9523582258251906,
omar_marmoush,FWD,Spurs,2.666085187845769,1.4067540320316019,0.5276478180235032,14972.0
omar_richards,DEF,Nott'm Forest,0.056348014578710304,0.11269602915742061,2.0,
omari_hutchinson,MID,Nott'm Forest,0.3917574899788485,0.6237343157160583,1.5921439453518413,
oscar_bobb,MID,Fulham,2.436421724750134,2.160229373243103,0.8866401704182161,
oscar_mingueza,DEF,Crystal Palace,1.1133461406289464,0.5566730703144732,0.5,
oscar_zambrano,MID,Hull City,0.19543660516008443,0.2103108541790687,1.0761077946825806,
ousmane_diomande,DEF,Nott'm Forest,0.6569911942058226,1.3139823884116453,2.0,
paddy_mcnair,DEF,Hull City,0.8236296449543941,0.9929769445748824,1.2056109814136977,
pape_matar_sarr,MID,Spurs,0.25394953451990254,0.12697476725995127,0.5,
pascal_gross,MID,Brighton,3.442941090403412,6.885882180806824,2.0,61014.0
pascal_struijk,DEF,Brighton,0.5271152994310982,1.0542305988621965,2.0,
patrick_dorgu,MID,Man Utd,1.7330884550989707,1.78014690289662,1.027152940554879,79641.0
pau_torres,DEF,Aston Villa,1.9865754719558946,1.0882738020842069,0.5478139730642806,
pedro_lomba_neto,MID,Chelsea,3.084205964210053,2.7386575884207023,0.8879619649922261,
pedro_porro_sauceda,DEF,Spurs,2.143998830160115,1.3327336829347851,0.6216111987501671,14973.0
pep_chavarria,DEF,Chelsea,2.0470242569180757,1.2792542391884216,0.6249336005008654,
phil_foden,MID,Man City,4.426304938886772,4.350860026043467,0.9829553286804773,14969.0
piero_hincapie,DEF,Arsenal,1.096089249816321,2.192178499632642,2.0,79641.0
promise_david,FWD,Brighton,1.2565788446500672,1.036323927504261,0.8247185856394528,14969.0
raphael_borges_rodrigues,MID,Coventry City,0.24633250779273363,0.13202285460757437,0.5359538446247605,
rayan_ait_nouri,DEF,Man City,0.9761272116472736,1.9522544232945471,2.0,
rayan_cherki,MID,Man City,4.598002523370798,4.519631081633607,0.9829553286804773,14973.0
rayan_vitor_simplicio_rocha,MID,Bournemouth,3.7517334989741133,1.8758667494870567,0.5,14971.0
reece_james,DEF,Chelsea,2.783726424034609,1.739644176981347,0.6249336005008654,50210.0
regan_slater,MID,Hull City,3.1662092935163657,3.407182500349388,1.0761077946825806,
reinildo_mandava,DEF,Sunderland,2.660344620494117,2.533601082857367,0.9523582258251906,
reiss_nelson,MID,Arsenal,0.41897006053788655,0.466356293617659,1.113101716669054,
remi_matthews,GK,Crystal Palace,-0.030285952081416934,-0.015142976040708467,0.5,
riccardo_calafiori,DEF,Arsenal,4.435018476779984,8.870036953559968,2.0,15210.0
richarlison_de_andrade,FWD,Spurs,1.1102391323221177,0.5858152556540729,0.5276478180235032,14970.0
rico_henry,DEF,Brentford,0.6969673245620179,1.3939346491240359,2.0,
rico_lewis,DEF,Man City,1.3073501130694578,2.6147002261389156,2.0,
rio_cardines,DEF,Crystal Palace,0.302161789726771,0.1510808948633855,0.5,
rio_ngumoha,MID,Liverpool,1.9288580981159853,3.3600012207733143,1.7419639236578368,14970.0
robert_lynch_sanchez,GK,Chelsea,2.1489308564615737,1.146096456779506,0.5333333333333333,
robin_roefs,GK,Sunderland,3.376976928130871,3.151845132922146,0.9333333333333333,14974.0
rodrigo_'rodri'_hernandez_cascante,MID,Man City,0.6178998656146331,0.6073679654968543,0.9829553286804773,
rodrigo_bentancur,MID,Spurs,2.624080673048292,1.312040336524146,0.5,
rodrigo_muniz_carvalho,FWD,Fulham,0.7971769140960517,0.4831599472582629,0.6060887347774436,
romain_esse,MID,Crystal Palace,0.32981649285188075,0.3500283201143543,1.061282039256753,
romaine_mundle,MID,Sunderland,0.8498873896269323,0.42605782304809425,0.5013109127729465,
romeo_lavia,MID,Chelsea,2.6702133508311476,2.371047893952502,0.8879619649922261,
ronald_araujo,DEF,Liverpool,1.7355587333240963,1.4876115839310413,0.8571369872812287,
ross_barkley,MID,Aston Villa,2.1382557769075543,1.0691278884537772,0.5,
ruben_dos_santos_gato_alves_dias,DEF,Man City,4.445417124472477,8.890834248944953,2.0,79641.0
ryan_christie,MID,Bournemouth,0.6093845267264189,0.3046922633632094,0.5,
ryan_giles,DEF,Hull City,2.4740261665868912,2.9827131147419905,1.2056109814136977,
ryan_gravenberch,MID,Liverpool,2.2388309177950974,3.899962689968824,1.7419639236578368,14970.0
ryan_mcaidoo,MID,Man City,1.0834684030538633,1.065001040238722,0.9829553286804773,
ryan_sessegnon,DEF,Fulham,1.6601416684715748,1.6070035620300915,0.9679918241613649,
ryan_yates,MID,Nott'm Forest,0.07567434275221152,0.12048444663141357,1.5921439453518413,
sam_szmodics,MID,Ipswich Town,0.19916474998922395,0.292526567533634,1.468766774991365,
samuel_iling_junior,MID,Aston Villa,0.258574302751877,0.1292871513759385,0.5,
sander_berge,MID,Fulham,2.487237597979308,2.205284767742968,0.8866401704182161,
sandro_tonali,MID,Spurs,2.5853587704107275,1.2926793852053637,0.5,14974.0
sasa_lukic,MID,Ipswich Town,2.087469790164676,3.0660062715920726,1.468766774991365,
savio_moreira_de_oliveira,MID,Spurs,0.7160594294167351,0.35802971470836753,0.5,
sean_longstaff,MID,Leeds,0.6736106683274843,0.6498361790750804,0.9647058896625942,
sean_neave,FWD,Newcastle,0.12545218590680363,0.12952103340644106,1.0324334523964382,
sean_steur,MID,Newcastle,1.2118280986240564,1.008941283461573,0.8325778917052289,
sebastiaan_bornauw,DEF,Leeds,0.37030243364715876,0.28117079280301716,0.7593004184005165,
semi_ajayi,DEF,Hull City,2.5991202073272435,3.1335278639679713,1.2056109814136977,
senne_lammens,GK,Man Utd,3.6534261144182363,1.8267130572091181,0.5,14970.0
sepp_van_den_berg,DEF,Brentford,0.4773484227401744,0.9546968454803488,2.0,
shea_charles,MID,Fulham,1.7112705294469093,1.5172811938604784,0.8866401704182161,
shea_lacey,MID,Man Utd,0.7075581399465599,0.7267704240596495,1.027152940554879,
shumaira_mheuka,FWD,Chelsea,0.2094292892305636,0.2819445741399481,1.3462518789793123,
sidiki_cherif,FWD,Coventry City,0.06707340195142297,0.0671406946389047,1.001003269336636,
simon_adingra,MID,Sunderland,0.26635200699618156,0.133525167746162,0.5013109127729465,
sindre_walle_egeli,FWD,Ipswich Town,0.5965908742251682,1.1931817484503364,2.0,
stefan_bajcetic_maquieira,MID,Liverpool,0.20515104037705512,0.3573657112377022,1.7419639236578368,
stefanos_tzimas,FWD,Brighton,0.30199073982591207,0.24905737582543816,0.8247185856394528,
steven_benda,GK,Nott'm Forest,-0.18004911663278533,-0.2880785866124565,1.5999999999999999,
sven_botman,DEF,Newcastle,2.8398010073874405,5.679602014774881,2.0,
taiwo_awoniyi,FWD,Coventry City,2.9206226756378646,2.923552846812216,1.001003269336636,
takehiro_tomiyasu,DEF,Crystal Palace,1.6781455211574143,0.8390727605787072,0.5,
tammy_abraham,FWD,Aston Villa,1.2528913670510695,0.7517402363949722,0.6000043229321176,
tanaka_ao,MID,Leeds,1.4583386546468833,1.4068678892604722,0.9647058896625942,
tarik_muharemovic,DEF,Leeds,3.627341287640281,2.7542417573867337,0.7593004184005165,61014.0
tatsuhiro_sakamoto,MID,Coventry City,1.3919129169368514,0.7460010792151703,0.5359538446247605,
thierno_barry,FWD,Everton,3.1671464009649104,4.987757728771688,1.5748428071566587,14971.0
thimothee_lo_tutala,GK,Hull City,0.7682821784008959,1.3658349838238149,1.777777777777778,
thomas_meunier,DEF,Sunderland,2.7175609392565363,2.5880915146821932,0.9523582258251906,
tijjani_reijnders,MID,Man City,0.49763855392414524,0.4891564683365856,0.9829553286804773,
tim_iroegbunam,MID,Everton,0.5959618550480399,0.782898756696021,1.3136725950906913,
timothy_castagne,DEF,Fulham,2.9183727601609286,2.8249609716910147,0.9679918241613649,
tino_livramento,DEF,Newcastle,0.508404840052833,1.016809680105666,2.0,
toby_collyer,MID,Man Utd,0.3262125374378926,0.3350701670751999,1.027152940554879,
tom_cairney,MID,Fulham,0.26851203024706205,0.2380735522575963,0.8866401704182161,
tom_heaton,GK,Man Utd,0.6724915617181119,0.33624578085905593,0.5,
tom_king,GK,Everton,-0.03530652466448814,-0.07061304932897627,2.0,
tom_watson,MID,Brighton,0.15224031430209095,0.3044806286041819,2.0,
tosin_adarabioyo,DEF,Chelsea,0.508068041197079,0.3175087902847126,0.6249336005008654,
trai_hume,DEF,Sunderland,2.6377166653894166,2.5120511636798026,0.9523582258251906,61014.0
trevoh_chalobah,DEF,Chelsea,0.7807410531692158,0.4879113174158757,0.6249336005008654,
trey_nyoni,MID,Liverpool,0.8510845441686612,1.4825585719245826,1.7419639236578368,
triston_rowe,DEF,Aston Villa,0.10110062220888838,0.05538433353152199,0.5478139730642806,
tyler_adams,MID,Bournemouth,1.467883193121596,0.733941596560798,0.5,
tyler_bindon,DEF,Nott'm Forest,0.056348014578710304,0.11269602915742061,2.0,
tyler_dibling,MID,Everton,0.3891378651392552,0.5111997491455368,1.3136725950906913,
tyler_fletcher,MID,Man Utd,0.18706109478598942,0.19214035357284398,1.027152940554879,
tyler_fredricson,DEF,Man Utd,0.3228694724747232,0.1614347362373616,0.5,
tyrick_mitchell,DEF,Crystal Palace,2.400445790884584,1.200222895442292,0.5,15210.0
tyrique_george,MID,Everton,2.634284488970728,3.460587340833332,1.3136725950906913,
tyrone_mings,DEF,Aston Villa,0.6922298166087557,0.3792131661100008,0.5478139730642806,
valentin_barco,MID,Chelsea,0.9362255715804426,0.8313326982165399,0.8879619649922261,
veljko_milosavljevic,DEF,Bournemouth,0.49790613159522235,0.38639619882605764,0.7760422583833175,
victor_lindelof,DEF,Aston Villa,2.381630686375531,1.3046905686751893,0.5478139730642806,
victor_munoz,MID,Liverpool,3.6886736899320303,6.425536494007431,1.7419639236578368,
victor_torp,MID,Coventry City,1.9304317562049793,1.034622321523787,0.5359538446247605,
viktor_gyokeres,FWD,Arsenal,0.6697543446834213,0.7064718950720634,1.0548224146362166,14969.0
virgil_van_dijk,DEF,Liverpool,3.3653517546099216,2.884567464087945,0.8571369872812287,61014.0
vitalii_mykolenko,DEF,Everton,2.8102144443158164,5.620428888631633,2.0,
vitaly_janelt,MID,Brentford,3.7839155378196354,3.8541802938035565,1.018569324627264,14972.0
vitezslav_jaros,GK,Liverpool,-0.13596847135748336,-0.09668869074309928,0.7111111111111111,
vitor_de_oliveira_nunes_dos_reis,DEF,Man City,0.8842322308759267,1.7684644617518535,2.0,
walter_benitez,GK,Crystal Palace,0.10987847436490994,0.05493923718245497,0.5,
wellity_lucky,DEF,Liverpool,0.13416661197225288,0.11499916557962646,0.8571369872812287,
wes_burns,MID,Ipswich Town,0.19916474998922395,0.292526567533634,1.468766774991365,
wesley_fofana,DEF,Chelsea,1.3341264279546463,0.8337404321450556,0.6249336005008654,
wilfried_gnonto,MID,Leeds,0.2701850682192546,0.2606491266100047,0.9647058896625942,
will_dennis,GK,Bournemouth,0.1109893310785568,0.12332147897617422,1.1111111111111112,
will_hughes,MID,Crystal Palace,0.1906650501999776,0.2023493932912234,1.061282039256753,
william_osula,FWD,Newcastle,0.6421120040335493,0.662937913149553,1.0324334523964382,14974.0
william_saliba,DEF,Arsenal,0.877789665974966,1.755579331949932,2.0,14970.0
wilson_isidor,FWD,Sunderland,3.0457888858466635,2.5877045932954155,0.8496007734876508,79641.0
wilson_odobert,MID,Spurs,0.3886422036132491,0.19432110180662454,0.5,
xaver_schlager,MID,Nott'm Forest,2.7425254316835312,4.366495261028379,1.5921439453518413,
xavi_simons,MID,Spurs,0.5089035153037369,0.25445175765186845,0.5,
yankuba_minteh,MID,Brighton,0.3927629376830668,0.7855258753661336,2.0,
yasin_ayari,MID,Brighton,1.0617819503236543,2.1235639006473086,2.0,
yehor_yarmoliuk,MID,Brentford,1.6411404542368275,1.6716153240904867,1.018569324627264,
yeremy_pino_santos,MID,Crystal Palace,2.5852629540096603,2.7436931398463096,1.061282039256753,
yoane_wissa,FWD,Newcastle,4.228664075157566,4.365814250139717,1.0324334523964382,14971.0
youri_tielemans,MID,Man Utd,3.6517582850724395,3.750914260707798,1.027152940554879,14974.0
zach_abbott,DEF,Nott'm Forest,0.05634801457870986,0.11269602915741972,2.0,
zadok_yohanna,MID,Brighton,0.6386808365961154,1.2773616731922308,2.0,
zavier_gozo,MID,Crystal Palace,1.122917835354142,1.1917325302224226,1.061282039256753,
zion_suzuki,GK,Aston Villa,1.8977804873475415,2.2773365848170495,1.2,14971.0
